{"data": [{"ObjectIdentifier": "S-1-5-21-3327542485-274640656-2609762496", "Properties": {"name": "INLANEFREIGHT.LOCAL", "domain": "INLANEFREIGHT.LOCAL", "domainsid": "S-1-5-21-3327542485-274640656-2609762496", "distinguishedname": "DC=INLANEFREIGHT,DC=LOCAL", "description": null, "functionallevel": "2016", "whencreated": 1648824229}, "Trusts": [], "Aces": [{"RightName": "Owns", "IsInherited": false, "PrincipalSID": "INLANEFREIGHT.LOCAL-S-1-5-32-544", "PrincipalType": "Group"}, {"RightName": "GetChanges", "IsInherited": false, "PrincipalSID": "S-1-5-21-3327542485-274640656-2609762496-498", "PrincipalType": "Group"}, {"RightName": "GetChangesAll", "IsInherited": false, "PrincipalSID": "S-1-5-21-3327542485-274640656-2609762496-516", "PrincipalType": "Group"}, {"RightName": "GetChanges", "IsInherited": false, "PrincipalSID": "INLANEFREIGHT.LOCAL-S-1-5-32-544", "PrincipalType": "Group"}, {"RightName": "GetChangesAll", "IsInherited": false, "PrincipalSID": "INLANEFREIGHT.LOCAL-S-1-5-32-544", "PrincipalType": "Group"}, {"RightName": "GetChanges", "IsInherited": false, "PrincipalSID": "INLANEFREIGHT.LOCAL-S-1-5-9", "PrincipalType": "Group"}, {"RightName": "GenericWrite", "IsInherited": false, "PrincipalSID": "S-1-5-21-3327542485-274640656-2609762496-512", "PrincipalType": "Group"}, {"RightName": "WriteOwner", "IsInherited": false, "PrincipalSID": "S-1-5-21-3327542485-274640656-2609762496-512", "PrincipalType": "Group"}, {"RightName": "AllExtendedRights", "IsInherited": false, "PrincipalSID": "S-1-5-21-3327542485-274640656-2609762496-512", "PrincipalType": "Group"}, {"RightName": "WriteDacl", "IsInherited": false, "PrincipalSID": "S-1-5-21-3327542485-274640656-2609762496-512", "PrincipalType": "Group"}, {"RightName": "GenericAll", "IsInherited": false, "PrincipalSID": "S-1-5-21-3327542485-274640656-2609762496-519", "PrincipalType": "Group"}, {"RightName": "GenericWrite", "IsInherited": false, "PrincipalSID": "INLANEFREIGHT.LOCAL-S-1-5-32-544", "PrincipalType": "Group"}, {"RightName": "WriteOwner", "IsInherited": false, "PrincipalSID": "INLANEFREIGHT.LOCAL-S-1-5-32-544", "PrincipalType": "Group"}, {"RightName": "AllExtendedRights", "IsInherited": false, "PrincipalSID": "INLANEFREIGHT.LOCAL-S-1-5-32-544", "PrincipalType": "Group"}, {"RightName": "WriteDacl", "IsInherited": false, "PrincipalSID": "INLANEFREIGHT.LOCAL-S-1-5-32-544", "PrincipalType": "Group"}], "Links": [], "ChildObjects": [], "GPOChanges": {"AffectedComputers": [], "DcomUsers": [], "LocalAdmins": [], "PSRemoteUsers": [], "RemoteDesktopUsers": []}, "IsDeleted": false, "IsACLProtected": false}], "meta": {"type": "domains", "count": 1, "version": 4}}