{"data":[{"ObjectIdentifier": "AA7ECF43-288B-4A00-AAF4-D092C249DA6B", "Properties": {"domain": "INLANEFREIGHT.LOCAL", "name": "DEFAULT DOMAIN CONTROLLERS POLICY@INLANEFREIGHT.LOCAL", "distinguishedname": "CN={6AC1786C-016F-11D2-945F-00C04FB984F9},CN=POLICIES,CN=SYSTEM,DC=INLANEFREIGHT,DC=LOCAL", "domainsid": "S-1-5-21-2270287766-1317258649-2146029398", "highvalue": false, "gpcpath": "\\\\INLANEFREIGHT.LOCAL\\SYSVOL\\INLANEFREIGHT.LOCAL\\POLICIES\\{6AC1786C-016F-11D2-945F-00C04FB984F9}", "description": null, "whencreated": 1648630413}, "IsDeleted": false, "IsACLProtected": true, "Aces": [{"RightName": "Owns", "IsInherited": false, "PrincipalSID": "S-1-5-21-2270287766-1317258649-2146029398-512", "PrincipalType": "Group"}, {"RightName": "GenericWrite", "IsInherited": false, "PrincipalSID": "S-1-5-21-2270287766-1317258649-2146029398-512", "PrincipalType": "Group"}, {"RightName": "WriteOwner", "IsInherited": false, "PrincipalSID": "S-1-5-21-2270287766-1317258649-2146029398-512", "PrincipalType": "Group"}, {"RightName": "WriteDacl", "IsInherited": false, "PrincipalSID": "S-1-5-21-2270287766-1317258649-2146029398-512", "PrincipalType": "Group"}, {"RightName": "GenericWrite", "IsInherited": false, "PrincipalSID": "S-1-5-21-2270287766-1317258649-2146029398-519", "PrincipalType": "Group"}, {"RightName": "WriteOwner", "IsInherited": false, "PrincipalSID": "S-1-5-21-2270287766-1317258649-2146029398-519", "PrincipalType": "Group"}, {"RightName": "WriteDacl", "IsInherited": false, "PrincipalSID": "S-1-5-21-2270287766-1317258649-2146029398-519", "PrincipalType": "Group"}, {"RightName": "GenericWrite", "IsInherited": false, "PrincipalSID": "S-1-5-21-2270287766-1317258649-2146029398-512", "PrincipalType": "Group"}, {"RightName": "WriteOwner", "IsInherited": false, "PrincipalSID": "S-1-5-21-2270287766-1317258649-2146029398-512", "PrincipalType": "Group"}, {"RightName": "WriteDacl", "IsInherited": false, "PrincipalSID": "S-1-5-21-2270287766-1317258649-2146029398-512", "PrincipalType": "Group"}]},{"ObjectIdentifier": "6A8BB1C6-B1B9-44C4-956A-9324E2672249", "Properties": {"domain": "INLANEFREIGHT.LOCAL", "name": "DEFAULT DOMAIN POLICY@INLANEFREIGHT.LOCAL", "distinguishedname": "CN={31B2F340-016D-11D2-945F-00C04FB984F9},CN=POLICIES,CN=SYSTEM,DC=INLANEFREIGHT,DC=LOCAL", "domainsid": "S-1-5-21-2270287766-1317258649-2146029398", "highvalue": false, "gpcpath": "\\\\INLANEFREIGHT.LOCAL\\SYSVOL\\INLANEFREIGHT.LOCAL\\POLICIES\\{31B2F340-016D-11D2-945F-00C04FB984F9}", "description": null, "whencreated": 1648630413}, "IsDeleted": false, "IsACLProtected": true, "Aces": [{"RightName": "Owns", "IsInherited": false, "PrincipalSID": "S-1-5-21-2270287766-1317258649-2146029398-512", "PrincipalType": "Group"}, {"RightName": "GenericWrite", "IsInherited": false, "PrincipalSID": "S-1-5-21-2270287766-1317258649-2146029398-512", "PrincipalType": "Group"}, {"RightName": "WriteOwner", "IsInherited": false, "PrincipalSID": "S-1-5-21-2270287766-1317258649-2146029398-512", "PrincipalType": "Group"}, {"RightName": "WriteDacl", "IsInherited": false, "PrincipalSID": "S-1-5-21-2270287766-1317258649-2146029398-512", "PrincipalType": "Group"}, {"RightName": "GenericWrite", "IsInherited": false, "PrincipalSID": "S-1-5-21-2270287766-1317258649-2146029398-519", "PrincipalType": "Group"}, {"RightName": "WriteOwner", "IsInherited": false, "PrincipalSID": "S-1-5-21-2270287766-1317258649-2146029398-519", "PrincipalType": "Group"}, {"RightName": "WriteDacl", "IsInherited": false, "PrincipalSID": "S-1-5-21-2270287766-1317258649-2146029398-519", "PrincipalType": "Group"}, {"RightName": "GenericWrite", "IsInherited": false, "PrincipalSID": "S-1-5-21-2270287766-1317258649-2146029398-512", "PrincipalType": "Group"}, {"RightName": "WriteOwner", "IsInherited": false, "PrincipalSID": "S-1-5-21-2270287766-1317258649-2146029398-512", "PrincipalType": "Group"}, {"RightName": "WriteDacl", "IsInherited": false, "PrincipalSID": "S-1-5-21-2270287766-1317258649-2146029398-512", "PrincipalType": "Group"}]}],"meta":{"methods":0,"type":"gpos","count":2, "version":5}}