{"data":[{"ObjectIdentifier": "316F5F13-C538-4700-AA24-3D7B4F48DB52", "Properties": {"domain": "INLANEFREIGHT.LOCAL", "name": "WMIGPO@INLANEFREIGHT.LOCAL", "distinguishedname": "CN=WMIGPO,CN=WMIPOLICY,CN=SYSTEM,DC=INLANEFREIGHT,DC=LOCAL", "domainsid": "S-1-5-21-2270287766-1317258649-2146029398", "highvalue": false, "description": "", "whencreated": 1648630414}, "IsDeleted": false, "IsACLProtected": false, "Aces": [{"RightName": "Owns", "IsInherited": false, "PrincipalSID": "S-1-5-21-2270287766-1317258649-2146029398-512", "PrincipalType": "Group"}, {"RightName": "WriteOwner", "IsInherited": false, "PrincipalSID": "S-1-5-21-2270287766-1317258649-2146029398-512", "PrincipalType": "Group"}, {"RightName": "WriteDacl", "IsInherited": false, "PrincipalSID": "S-1-5-21-2270287766-1317258649-2146029398-512", "PrincipalType": "Group"}, {"RightName": "GenericAll", "IsInherited": true, "PrincipalSID": "S-1-5-21-2270287766-1317258649-2146029398-519", "PrincipalType": "Group"}, {"RightName": "GenericAll", "IsInherited": true, "PrincipalSID": "S-1-5-21-2270287766-1317258649-2146029398-512", "PrincipalType": "Group"}], "ChildObjects": []},{"ObjectIdentifier": "B409B2D3-3E81-4F16-BC2A-502DDAE4C8FB", "Properties": {"domain": "INLANEFREIGHT.LOCAL", "name": "POLICYTYPE@INLANEFREIGHT.LOCAL", "distinguishedname": "CN=POLICYTYPE,CN=WMIPOLICY,CN=SYSTEM,DC=INLANEFREIGHT,DC=LOCAL", "domainsid": "S-1-5-21-2270287766-1317258649-2146029398", "highvalue": false, "description": "", "whencreated": 1648630414}, "IsDeleted": false, "IsACLProtected": false, "Aces": [{"RightName": "Owns", "IsInherited": false, "PrincipalSID": "S-1-5-21-2270287766-1317258649-2146029398-512", "PrincipalType": "Group"}, {"RightName": "WriteOwner", "IsInherited": false, "PrincipalSID": "S-1-5-21-2270287766-1317258649-2146029398-512", "PrincipalType": "Group"}, {"RightName": "WriteDacl", "IsInherited": false, "PrincipalSID": "S-1-5-21-2270287766-1317258649-2146029398-512", "PrincipalType": "Group"}, {"RightName": "GenericAll", "IsInherited": true, "PrincipalSID": "S-1-5-21-2270287766-1317258649-2146029398-519", "PrincipalType": "Group"}, {"RightName": "GenericAll", "IsInherited": true, "PrincipalSID": "S-1-5-21-2270287766-1317258649-2146029398-512", "PrincipalType": "Group"}], "ChildObjects": []},{"ObjectIdentifier": "ABED6A96-E2A1-4A52-A61A-A44669431274", "Properties": {"domain": "INLANEFREIGHT.LOCAL", "name": "SOM@INLANEFREIGHT.LOCAL", "distinguishedname": "CN=SOM,CN=WMIPOLICY,CN=SYSTEM,DC=INLANEFREIGHT,DC=LOCAL", "domainsid": "S-1-5-21-2270287766-1317258649-2146029398", "highvalue": false, "description": "", "whencreated": 1648630414}, "IsDeleted": false, "IsACLProtected": true, "Aces": [{"RightName": "Owns", "IsInherited": false, "PrincipalSID": "S-1-5-21-2270287766-1317258649-2146029398-512", "PrincipalType": "Group"}, {"RightName": "GenericAll", "IsInherited": false, "PrincipalSID": "S-1-5-21-2270287766-1317258649-2146029398-512", "PrincipalType": "Group"}, {"RightName": "GenericAll", "IsInherited": false, "PrincipalSID": "S-1-5-21-2270287766-1317258649-2146029398-519", "PrincipalType": "Group"}], "ChildObjects": []},{"ObjectIdentifier": "907A2045-6802-40E4-98F1-BFC8F1BCCC64", "Properties": {"domain": "INLANEFREIGHT.LOCAL", "name": "POLICYTEMPLATE@INLANEFREIGHT.LOCAL", "distinguishedname": "CN=POLICYTEMPLATE,CN=WMIPOLICY,CN=SYSTEM,DC=INLANEFREIGHT,DC=LOCAL", "domainsid": "S-1-5-21-2270287766-1317258649-2146029398", "highvalue": false, "description": "", "whencreated": 1648630414}, "IsDeleted": false, "IsACLProtected": false, "Aces": [{"RightName": "Owns", "IsInherited": false, "PrincipalSID": "S-1-5-21-2270287766-1317258649-2146029398-512", "PrincipalType": "Group"}, {"RightName": "WriteOwner", "IsInherited": false, "PrincipalSID": "S-1-5-21-2270287766-1317258649-2146029398-512", "PrincipalType": "Group"}, {"RightName": "WriteDacl", "IsInherited": false, "PrincipalSID": "S-1-5-21-2270287766-1317258649-2146029398-512", "PrincipalType": "Group"}, {"RightName": "GenericAll", "IsInherited": true, "PrincipalSID": "S-1-5-21-2270287766-1317258649-2146029398-519", "PrincipalType": "Group"}, {"RightName": "GenericAll", "IsInherited": true, "PrincipalSID": "S-1-5-21-2270287766-1317258649-2146029398-512", "PrincipalType": "Group"}], "ChildObjects": []},{"ObjectIdentifier": "D597AE13-83D6-45C5-8A1E-EF2E2896514C", "Properties": {"domain": "INLANEFREIGHT.LOCAL", "name": "WMIPOLICY@INLANEFREIGHT.LOCAL", "distinguishedname": "CN=WMIPOLICY,CN=SYSTEM,DC=INLANEFREIGHT,DC=LOCAL", "domainsid": "S-1-5-21-2270287766-1317258649-2146029398", "highvalue": false, "description": "", "whencreated": 1648630414}, "IsDeleted": false, "IsACLProtected": true, "Aces": [{"RightName": "Owns", "IsInherited": false, "PrincipalSID": "S-1-5-21-2270287766-1317258649-2146029398-512", "PrincipalType": "Group"}, {"RightName": "GenericAll", "IsInherited": false, "PrincipalSID": "S-1-5-21-2270287766-1317258649-2146029398-519", "PrincipalType": "Group"}, {"RightName": "GenericAll", "IsInherited": false, "PrincipalSID": "S-1-5-21-2270287766-1317258649-2146029398-512", "PrincipalType": "Group"}], "ChildObjects": []},{"ObjectIdentifier": "15819642-8505-4075-BE7A-9EC4F02F002C", "Properties": {"domain": "INLANEFREIGHT.LOCAL", "name": "COMPARTITIONSETS@INLANEFREIGHT.LOCAL", "distinguishedname": "CN=COMPARTITIONSETS,CN=SYSTEM,DC=INLANEFREIGHT,DC=LOCAL", "domainsid": "S-1-5-21-2270287766-1317258649-2146029398", "highvalue": false, "description": "", "whencreated": 1648630414}, "IsDeleted": false, "IsACLProtected": false, "Aces": [{"RightName": "Owns", "IsInherited": false, "PrincipalSID": "S-1-5-21-2270287766-1317258649-2146029398-512", "PrincipalType": "Group"}, {"RightName": "WriteOwner", "IsInherited": false, "PrincipalSID": "S-1-5-21-2270287766-1317258649-2146029398-512", "PrincipalType": "Group"}, {"RightName": "WriteDacl", "IsInherited": false, "PrincipalSID": "S-1-5-21-2270287766-1317258649-2146029398-512", "PrincipalType": "Group"}, {"RightName": "GenericAll", "IsInherited": true, "PrincipalSID": "S-1-5-21-2270287766-1317258649-2146029398-519", "PrincipalType": "Group"}, {"RightName": "WriteOwner", "IsInherited": true, "PrincipalSID": "INLANEFREIGHT.LOCAL-S-1-5-32-544", "PrincipalType": "Group"}, {"RightName": "WriteDacl", "IsInherited": true, "PrincipalSID": "INLANEFREIGHT.LOCAL-S-1-5-32-544", "PrincipalType": "Group"}], "ChildObjects": []},{"ObjectIdentifier": "5236941B-A14A-4F68-AC34-E37DFB68765F", "Properties": {"domain": "INLANEFREIGHT.LOCAL", "name": "COMPARTITIONS@INLANEFREIGHT.LOCAL", "distinguishedname": "CN=COMPARTITIONS,CN=SYSTEM,DC=INLANEFREIGHT,DC=LOCAL", "domainsid": "S-1-5-21-2270287766-1317258649-2146029398", "highvalue": false, "description": "", "whencreated": 1648630414}, "IsDeleted": false, "IsACLProtected": false, "Aces": [{"RightName": "Owns", "IsInherited": false, "PrincipalSID": "S-1-5-21-2270287766-1317258649-2146029398-512", "PrincipalType": "Group"}, {"RightName": "WriteOwner", "IsInherited": false, "PrincipalSID": "S-1-5-21-2270287766-1317258649-2146029398-512", "PrincipalType": "Group"}, {"RightName": "WriteDacl", "IsInherited": false, "PrincipalSID": "S-1-5-21-2270287766-1317258649-2146029398-512", "PrincipalType": "Group"}, {"RightName": "GenericAll", "IsInherited": true, "PrincipalSID": "S-1-5-21-2270287766-1317258649-2146029398-519", "PrincipalType": "Group"}, {"RightName": "WriteOwner", "IsInherited": true, "PrincipalSID": "INLANEFREIGHT.LOCAL-S-1-5-32-544", "PrincipalType": "Group"}, {"RightName": "WriteDacl", "IsInherited": true, "PrincipalSID": "INLANEFREIGHT.LOCAL-S-1-5-32-544", "PrincipalType": "Group"}], "ChildObjects": []},{"ObjectIdentifier": "4D4F7511-7F4F-45A5-9051-55D18BED8EBF", "Properties": {"domain": "INLANEFREIGHT.LOCAL", "name": "ADMINSDHOLDER@INLANEFREIGHT.LOCAL", "distinguishedname": "CN=ADMINSDHOLDER,CN=SYSTEM,DC=INLANEFREIGHT,DC=LOCAL", "domainsid": "S-1-5-21-2270287766-1317258649-2146029398", "highvalue": false, "description": "", "whencreated": 1648630414}, "IsDeleted": false, "IsACLProtected": true, "Aces": [{"RightName": "Owns", "IsInherited": false, "PrincipalSID": "S-1-5-21-2270287766-1317258649-2146029398-512", "PrincipalType": "Group"}, {"RightName": "WriteOwner", "IsInherited": false, "PrincipalSID": "S-1-5-21-2270287766-1317258649-2146029398-512", "PrincipalType": "Group"}, {"RightName": "WriteDacl", "IsInherited": false, "PrincipalSID": "S-1-5-21-2270287766-1317258649-2146029398-512", "PrincipalType": "Group"}, {"RightName": "WriteOwner", "IsInherited": false, "PrincipalSID": "S-1-5-21-2270287766-1317258649-2146029398-519", "PrincipalType": "Group"}, {"RightName": "WriteDacl", "IsInherited": false, "PrincipalSID": "S-1-5-21-2270287766-1317258649-2146029398-519", "PrincipalType": "Group"}, {"RightName": "WriteOwner", "IsInherited": false, "PrincipalSID": "INLANEFREIGHT.LOCAL-S-1-5-32-544", "PrincipalType": "Group"}, {"RightName": "WriteDacl", "IsInherited": false, "PrincipalSID": "INLANEFREIGHT.LOCAL-S-1-5-32-544", "PrincipalType": "Group"}], "ChildObjects": []},{"ObjectIdentifier": "9AD5034D-5401-45F7-9E57-EA5CF78F62B3", "Properties": {"domain": "INLANEFREIGHT.LOCAL", "name": "RAS AND IAS SERVERS ACCESS CHECK@INLANEFREIGHT.LOCAL", "distinguishedname": "CN=RAS AND IAS SERVERS ACCESS CHECK,CN=SYSTEM,DC=INLANEFREIGHT,DC=LOCAL", "domainsid": "S-1-5-21-2270287766-1317258649-2146029398", "highvalue": false, "description": "", "whencreated": 1648630413}, "IsDeleted": false, "IsACLProtected": false, "Aces": [{"RightName": "Owns", "IsInherited": false, "PrincipalSID": "S-1-5-21-2270287766-1317258649-2146029398-512", "PrincipalType": "Group"}, {"RightName": "WriteOwner", "IsInherited": false, "PrincipalSID": "S-1-5-21-2270287766-1317258649-2146029398-553", "PrincipalType": "Group"}, {"RightName": "WriteDacl", "IsInherited": false, "PrincipalSID": "S-1-5-21-2270287766-1317258649-2146029398-553", "PrincipalType": "Group"}, {"RightName": "GenericAll", "IsInherited": true, "PrincipalSID": "S-1-5-21-2270287766-1317258649-2146029398-519", "PrincipalType": "Group"}, {"RightName": "WriteOwner", "IsInherited": true, "PrincipalSID": "INLANEFREIGHT.LOCAL-S-1-5-32-544", "PrincipalType": "Group"}, {"RightName": "WriteDacl", "IsInherited": true, "PrincipalSID": "INLANEFREIGHT.LOCAL-S-1-5-32-544", "PrincipalType": "Group"}], "ChildObjects": []},{"ObjectIdentifier": "BAA0EA65-1C3E-4415-999F-BE5BB74991FA", "Properties": {"domain": "INLANEFREIGHT.LOCAL", "name": "POLICIES@INLANEFREIGHT.LOCAL", "distinguishedname": "CN=POLICIES,CN=SYSTEM,DC=INLANEFREIGHT,DC=LOCAL", "domainsid": "S-1-5-21-2270287766-1317258649-2146029398", "highvalue": false, "description": "", "whencreated": 1648630413}, "IsDeleted": false, "IsACLProtected": false, "Aces": [{"RightName": "Owns", "IsInherited": false, "PrincipalSID": "S-1-5-21-2270287766-1317258649-2146029398-512", "PrincipalType": "Group"}, {"RightName": "WriteOwner", "IsInherited": false, "PrincipalSID": "S-1-5-21-2270287766-1317258649-2146029398-512", "PrincipalType": "Group"}, {"RightName": "WriteDacl", "IsInherited": false, "PrincipalSID": "S-1-5-21-2270287766-1317258649-2146029398-512", "PrincipalType": "Group"}, {"RightName": "GenericAll", "IsInherited": true, "PrincipalSID": "S-1-5-21-2270287766-1317258649-2146029398-519", "PrincipalType": "Group"}, {"RightName": "WriteOwner", "IsInherited": true, "PrincipalSID": "INLANEFREIGHT.LOCAL-S-1-5-32-544", "PrincipalType": "Group"}, {"RightName": "WriteDacl", "IsInherited": true, "PrincipalSID": "INLANEFREIGHT.LOCAL-S-1-5-32-544", "PrincipalType": "Group"}], "ChildObjects": []},{"ObjectIdentifier": "17AA4733-809C-429E-A677-374C38898389", "Properties": {"domain": "INLANEFREIGHT.LOCAL", "name": "MEETINGS@INLANEFREIGHT.LOCAL", "distinguishedname": "CN=MEETINGS,CN=SYSTEM,DC=INLANEFREIGHT,DC=LOCAL", "domainsid": "S-1-5-21-2270287766-1317258649-2146029398", "highvalue": false, "description": "", "whencreated": 1648630413}, "IsDeleted": false, "IsACLProtected": false, "Aces": [{"RightName": "Owns", "IsInherited": false, "PrincipalSID": "S-1-5-21-2270287766-1317258649-2146029398-512", "PrincipalType": "Group"}, {"RightName": "WriteOwner", "IsInherited": false, "PrincipalSID": "S-1-5-21-2270287766-1317258649-2146029398-512", "PrincipalType": "Group"}, {"RightName": "WriteDacl", "IsInherited": false, "PrincipalSID": "S-1-5-21-2270287766-1317258649-2146029398-512", "PrincipalType": "Group"}, {"RightName": "GenericAll", "IsInherited": true, "PrincipalSID": "S-1-5-21-2270287766-1317258649-2146029398-519", "PrincipalType": "Group"}, {"RightName": "WriteOwner", "IsInherited": true, "PrincipalSID": "INLANEFREIGHT.LOCAL-S-1-5-32-544", "PrincipalType": "Group"}, {"RightName": "WriteDacl", "IsInherited": true, "PrincipalSID": "INLANEFREIGHT.LOCAL-S-1-5-32-544", "PrincipalType": "Group"}], "ChildObjects": []},{"ObjectIdentifier": "536D7914-6945-49FD-A819-C5B8183FD442", "Properties": {"domain": "INLANEFREIGHT.LOCAL", "name": "WINSOCKSERVICES@INLANEFREIGHT.LOCAL", "distinguishedname": "CN=WINSOCKSERVICES,CN=SYSTEM,DC=INLANEFREIGHT,DC=LOCAL", "domainsid": "S-1-5-21-2270287766-1317258649-2146029398", "highvalue": false, "description": "", "whencreated": 1648630413}, "IsDeleted": false, "IsACLProtected": false, "Aces": [{"RightName": "Owns", "IsInherited": false, "PrincipalSID": "S-1-5-21-2270287766-1317258649-2146029398-512", "PrincipalType": "Group"}, {"RightName": "WriteOwner", "IsInherited": false, "PrincipalSID": "S-1-5-21-2270287766-1317258649-2146029398-512", "PrincipalType": "Group"}, {"RightName": "WriteDacl", "IsInherited": false, "PrincipalSID": "S-1-5-21-2270287766-1317258649-2146029398-512", "PrincipalType": "Group"}, {"RightName": "GenericAll", "IsInherited": true, "PrincipalSID": "S-1-5-21-2270287766-1317258649-2146029398-519", "PrincipalType": "Group"}, {"RightName": "WriteOwner", "IsInherited": true, "PrincipalSID": "INLANEFREIGHT.LOCAL-S-1-5-32-544", "PrincipalType": "Group"}, {"RightName": "WriteDacl", "IsInherited": true, "PrincipalSID": "INLANEFREIGHT.LOCAL-S-1-5-32-544", "PrincipalType": "Group"}], "ChildObjects": []},{"ObjectIdentifier": "A2429ECE-FE3F-4EDA-843F-E0383E0C5E7A", "Properties": {"domain": "INLANEFREIGHT.LOCAL", "name": "MANAGED SERVICE ACCOUNTS@INLANEFREIGHT.LOCAL", "distinguishedname": "CN=MANAGED SERVICE ACCOUNTS,DC=INLANEFREIGHT,DC=LOCAL", "domainsid": "S-1-5-21-2270287766-1317258649-2146029398", "highvalue": false, "description": "Default container for managed service accounts", "whencreated": 1648630414}, "IsDeleted": false, "IsACLProtected": false, "Aces": [{"RightName": "Owns", "IsInherited": false, "PrincipalSID": "S-1-5-21-2270287766-1317258649-2146029398-512", "PrincipalType": "Group"}, {"RightName": "WriteOwner", "IsInherited": false, "PrincipalSID": "S-1-5-21-2270287766-1317258649-2146029398-512", "PrincipalType": "Group"}, {"RightName": "WriteDacl", "IsInherited": false, "PrincipalSID": "S-1-5-21-2270287766-1317258649-2146029398-512", "PrincipalType": "Group"}, {"RightName": "GenericAll", "IsInherited": true, "PrincipalSID": "S-1-5-21-2270287766-1317258649-2146029398-519", "PrincipalType": "Group"}, {"RightName": "WriteOwner", "IsInherited": true, "PrincipalSID": "INLANEFREIGHT.LOCAL-S-1-5-32-544", "PrincipalType": "Group"}, {"RightName": "WriteDacl", "IsInherited": true, "PrincipalSID": "INLANEFREIGHT.LOCAL-S-1-5-32-544", "PrincipalType": "Group"}], "ChildObjects": []},{"ObjectIdentifier": "06CAE0CE-DF96-4AD1-AC24-B4DD4D7F24C4", "Properties": {"domain": "INLANEFREIGHT.LOCAL", "name": "MICROSOFT@INLANEFREIGHT.LOCAL", "distinguishedname": "CN=MICROSOFT,CN=PROGRAM DATA,DC=INLANEFREIGHT,DC=LOCAL", "domainsid": "S-1-5-21-2270287766-1317258649-2146029398", "highvalue": false, "description": "Default location for storage of Microsoft application data.", "whencreated": 1648630414}, "IsDeleted": false, "IsACLProtected": false, "Aces": [{"RightName": "Owns", "IsInherited": false, "PrincipalSID": "S-1-5-21-2270287766-1317258649-2146029398-512", "PrincipalType": "Group"}, {"RightName": "GenericAll", "IsInherited": false, "PrincipalSID": "S-1-5-21-2270287766-1317258649-2146029398-512", "PrincipalType": "Group"}, {"RightName": "GenericAll", "IsInherited": true, "PrincipalSID": "S-1-5-21-2270287766-1317258649-2146029398-519", "PrincipalType": "Group"}, {"RightName": "WriteOwner", "IsInherited": true, "PrincipalSID": "INLANEFREIGHT.LOCAL-S-1-5-32-544", "PrincipalType": "Group"}, {"RightName": "WriteDacl", "IsInherited": true, "PrincipalSID": "INLANEFREIGHT.LOCAL-S-1-5-32-544", "PrincipalType": "Group"}], "ChildObjects": []},{"ObjectIdentifier": "2A75F0D5-D2EF-4F81-B1FE-851EC5C84AF8", "Properties": {"domain": "INLANEFREIGHT.LOCAL", "name": "PROGRAM DATA@INLANEFREIGHT.LOCAL", "distinguishedname": "CN=PROGRAM DATA,DC=INLANEFREIGHT,DC=LOCAL", "domainsid": "S-1-5-21-2270287766-1317258649-2146029398", "highvalue": false, "description": "Default location for storage of application data.", "whencreated": 1648630414}, "IsDeleted": false, "IsACLProtected": false, "Aces": [{"RightName": "Owns", "IsInherited": false, "PrincipalSID": "S-1-5-21-2270287766-1317258649-2146029398-512", "PrincipalType": "Group"}, {"RightName": "GenericAll", "IsInherited": false, "PrincipalSID": "S-1-5-21-2270287766-1317258649-2146029398-512", "PrincipalType": "Group"}, {"RightName": "GenericAll", "IsInherited": true, "PrincipalSID": "S-1-5-21-2270287766-1317258649-2146029398-519", "PrincipalType": "Group"}, {"RightName": "WriteOwner", "IsInherited": true, "PrincipalSID": "INLANEFREIGHT.LOCAL-S-1-5-32-544", "PrincipalType": "Group"}, {"RightName": "WriteDacl", "IsInherited": true, "PrincipalSID": "INLANEFREIGHT.LOCAL-S-1-5-32-544", "PrincipalType": "Group"}], "ChildObjects": []},{"ObjectIdentifier": "B7A43338-BCA9-461D-BD0C-41505E44D778", "Properties": {"domain": "INLANEFREIGHT.LOCAL", "name": "FOREIGNSECURITYPRINCIPALS@INLANEFREIGHT.LOCAL", "distinguishedname": "CN=FOREIGNSECURITYPRINCIPALS,DC=INLANEFREIGHT,DC=LOCAL", "domainsid": "S-1-5-21-2270287766-1317258649-2146029398", "highvalue": false, "description": "Default container for security identifiers (SIDs) associated with objects from external, trusted domains", "whencreated": 1648630414}, "IsDeleted": false, "IsACLProtected": false, "Aces": [{"RightName": "Owns", "IsInherited": false, "PrincipalSID": "S-1-5-21-2270287766-1317258649-2146029398-512", "PrincipalType": "Group"}, {"RightName": "GenericAll", "IsInherited": false, "PrincipalSID": "S-1-5-21-2270287766-1317258649-2146029398-512", "PrincipalType": "Group"}, {"RightName": "GenericAll", "IsInherited": true, "PrincipalSID": "S-1-5-21-2270287766-1317258649-2146029398-519", "PrincipalType": "Group"}, {"RightName": "WriteOwner", "IsInherited": true, "PrincipalSID": "INLANEFREIGHT.LOCAL-S-1-5-32-544", "PrincipalType": "Group"}, {"RightName": "WriteDacl", "IsInherited": true, "PrincipalSID": "INLANEFREIGHT.LOCAL-S-1-5-32-544", "PrincipalType": "Group"}], "ChildObjects": []},{"ObjectIdentifier": "3EEF067C-5DDD-448A-9B5B-7F61282F84ED", "Properties": {"domain": "INLANEFREIGHT.LOCAL", "name": "SYSTEM@INLANEFREIGHT.LOCAL", "distinguishedname": "CN=SYSTEM,DC=INLANEFREIGHT,DC=LOCAL", "domainsid": "S-1-5-21-2270287766-1317258649-2146029398", "highvalue": false, "description": "Builtin system settings", "whencreated": 1648630413}, "IsDeleted": false, "IsACLProtected": false, "Aces": [{"RightName": "Owns", "IsInherited": false, "PrincipalSID": "S-1-5-21-2270287766-1317258649-2146029398-512", "PrincipalType": "Group"}, {"RightName": "WriteOwner", "IsInherited": false, "PrincipalSID": "S-1-5-21-2270287766-1317258649-2146029398-512", "PrincipalType": "Group"}, {"RightName": "WriteDacl", "IsInherited": false, "PrincipalSID": "S-1-5-21-2270287766-1317258649-2146029398-512", "PrincipalType": "Group"}, {"RightName": "GenericAll", "IsInherited": true, "PrincipalSID": "S-1-5-21-2270287766-1317258649-2146029398-519", "PrincipalType": "Group"}, {"RightName": "WriteOwner", "IsInherited": true, "PrincipalSID": "INLANEFREIGHT.LOCAL-S-1-5-32-544", "PrincipalType": "Group"}, {"RightName": "WriteDacl", "IsInherited": true, "PrincipalSID": "INLANEFREIGHT.LOCAL-S-1-5-32-544", "PrincipalType": "Group"}], "ChildObjects": []},{"ObjectIdentifier": "962C3497-254D-4949-9FB8-04E77668BB8D", "Properties": {"domain": "INLANEFREIGHT.LOCAL", "name": "COMPUTERS@INLANEFREIGHT.LOCAL", "distinguishedname": "CN=COMPUTERS,DC=INLANEFREIGHT,DC=LOCAL", "domainsid": "S-1-5-21-2270287766-1317258649-2146029398", "highvalue": false, "description": "Default container for upgraded computer accounts", "whencreated": 1648630413}, "IsDeleted": false, "IsACLProtected": false, "Aces": [{"RightName": "Owns", "IsInherited": false, "PrincipalSID": "S-1-5-21-2270287766-1317258649-2146029398-512", "PrincipalType": "Group"}, {"RightName": "WriteOwner", "IsInherited": false, "PrincipalSID": "S-1-5-21-2270287766-1317258649-2146029398-512", "PrincipalType": "Group"}, {"RightName": "WriteDacl", "IsInherited": false, "PrincipalSID": "S-1-5-21-2270287766-1317258649-2146029398-512", "PrincipalType": "Group"}, {"RightName": "GenericAll", "IsInherited": true, "PrincipalSID": "S-1-5-21-2270287766-1317258649-2146029398-519", "PrincipalType": "Group"}, {"RightName": "WriteOwner", "IsInherited": true, "PrincipalSID": "INLANEFREIGHT.LOCAL-S-1-5-32-544", "PrincipalType": "Group"}, {"RightName": "WriteDacl", "IsInherited": true, "PrincipalSID": "INLANEFREIGHT.LOCAL-S-1-5-32-544", "PrincipalType": "Group"}], "ChildObjects": [{"ObjectIdentifier": "S-1-5-21-2270287766-1317258649-2146029398-1438", "ObjectType": "Computer"}, {"ObjectIdentifier": "S-1-5-21-2270287766-1317258649-2146029398-1437", "ObjectType": "Computer"}, {"ObjectIdentifier": "S-1-5-21-2270287766-1317258649-2146029398-1436", "ObjectType": "Computer"}, {"ObjectIdentifier": "S-1-5-21-2270287766-1317258649-2146029398-1435", "ObjectType": "Computer"}, {"ObjectIdentifier": "S-1-5-21-2270287766-1317258649-2146029398-1434", "ObjectType": "Computer"}, {"ObjectIdentifier": "S-1-5-21-2270287766-1317258649-2146029398-1433", "ObjectType": "Computer"}, {"ObjectIdentifier": "S-1-5-21-2270287766-1317258649-2146029398-1432", "ObjectType": "Computer"}, {"ObjectIdentifier": "S-1-5-21-2270287766-1317258649-2146029398-1431", "ObjectType": "Computer"}, {"ObjectIdentifier": "S-1-5-21-2270287766-1317258649-2146029398-1430", "ObjectType": "Computer"}, {"ObjectIdentifier": "S-1-5-21-2270287766-1317258649-2146029398-1429", "ObjectType": "Computer"}, {"ObjectIdentifier": "S-1-5-21-2270287766-1317258649-2146029398-1428", "ObjectType": "Computer"}, {"ObjectIdentifier": "S-1-5-21-2270287766-1317258649-2146029398-1427", "ObjectType": "Computer"}, {"ObjectIdentifier": "S-1-5-21-2270287766-1317258649-2146029398-1426", "ObjectType": "Computer"}, {"ObjectIdentifier": "S-1-5-21-2270287766-1317258649-2146029398-1425", "ObjectType": "Computer"}, {"ObjectIdentifier": "S-1-5-21-2270287766-1317258649-2146029398-1424", "ObjectType": "Computer"}, {"ObjectIdentifier": "S-1-5-21-2270287766-1317258649-2146029398-1423", "ObjectType": "Computer"}, {"ObjectIdentifier": "S-1-5-21-2270287766-1317258649-2146029398-1422", "ObjectType": "Computer"}, {"ObjectIdentifier": "S-1-5-21-2270287766-1317258649-2146029398-1421", "ObjectType": "Computer"}, {"ObjectIdentifier": "S-1-5-21-2270287766-1317258649-2146029398-1420", "ObjectType": "Computer"}, {"ObjectIdentifier": "S-1-5-21-2270287766-1317258649-2146029398-1419", "ObjectType": "Computer"}, {"ObjectIdentifier": "S-1-5-21-2270287766-1317258649-2146029398-1134", "ObjectType": "Computer"}, {"ObjectIdentifier": "S-1-5-21-2270287766-1317258649-2146029398-1133", "ObjectType": "Computer"}, {"ObjectIdentifier": "S-1-5-21-2270287766-1317258649-2146029398-1132", "ObjectType": "Computer"}, {"ObjectIdentifier": "S-1-5-21-2270287766-1317258649-2146029398-1131", "ObjectType": "Computer"}, {"ObjectIdentifier": "S-1-5-21-2270287766-1317258649-2146029398-1130", "ObjectType": "Computer"}, {"ObjectIdentifier": "S-1-5-21-2270287766-1317258649-2146029398-1129", "ObjectType": "Computer"}, {"ObjectIdentifier": "S-1-5-21-2270287766-1317258649-2146029398-1128", "ObjectType": "Computer"}, {"ObjectIdentifier": "S-1-5-21-2270287766-1317258649-2146029398-1127", "ObjectType": "Computer"}, {"ObjectIdentifier": "S-1-5-21-2270287766-1317258649-2146029398-1126", "ObjectType": "Computer"}, {"ObjectIdentifier": "S-1-5-21-2270287766-1317258649-2146029398-1125", "ObjectType": "Computer"}, {"ObjectIdentifier": "S-1-5-21-2270287766-1317258649-2146029398-1124", "ObjectType": "Computer"}, {"ObjectIdentifier": "S-1-5-21-2270287766-1317258649-2146029398-1123", "ObjectType": "Computer"}, {"ObjectIdentifier": "S-1-5-21-2270287766-1317258649-2146029398-1122", "ObjectType": "Computer"}, {"ObjectIdentifier": "S-1-5-21-2270287766-1317258649-2146029398-1121", "ObjectType": "Computer"}, {"ObjectIdentifier": "S-1-5-21-2270287766-1317258649-2146029398-1120", "ObjectType": "Computer"}, {"ObjectIdentifier": "S-1-5-21-2270287766-1317258649-2146029398-1119", "ObjectType": "Computer"}, {"ObjectIdentifier": "S-1-5-21-2270287766-1317258649-2146029398-1118", "ObjectType": "Computer"}, {"ObjectIdentifier": "S-1-5-21-2270287766-1317258649-2146029398-1418", "ObjectType": "Computer"}, {"ObjectIdentifier": "S-1-5-21-2270287766-1317258649-2146029398-1417", "ObjectType": "Computer"}, {"ObjectIdentifier": "S-1-5-21-2270287766-1317258649-2146029398-1416", "ObjectType": "Computer"}, {"ObjectIdentifier": "S-1-5-21-2270287766-1317258649-2146029398-1415", "ObjectType": "Computer"}, {"ObjectIdentifier": "S-1-5-21-2270287766-1317258649-2146029398-1414", "ObjectType": "Computer"}, {"ObjectIdentifier": "S-1-5-21-2270287766-1317258649-2146029398-1413", "ObjectType": "Computer"}, {"ObjectIdentifier": "S-1-5-21-2270287766-1317258649-2146029398-1412", "ObjectType": "Computer"}, {"ObjectIdentifier": "S-1-5-21-2270287766-1317258649-2146029398-1411", "ObjectType": "Computer"}, {"ObjectIdentifier": "S-1-5-21-2270287766-1317258649-2146029398-1410", "ObjectType": "Computer"}, {"ObjectIdentifier": "S-1-5-21-2270287766-1317258649-2146029398-1409", "ObjectType": "Computer"}, {"ObjectIdentifier": "S-1-5-21-2270287766-1317258649-2146029398-1408", "ObjectType": "Computer"}, {"ObjectIdentifier": "S-1-5-21-2270287766-1317258649-2146029398-1407", "ObjectType": "Computer"}, {"ObjectIdentifier": "S-1-5-21-2270287766-1317258649-2146029398-1406", "ObjectType": "Computer"}, {"ObjectIdentifier": "S-1-5-21-2270287766-1317258649-2146029398-1405", "ObjectType": "Computer"}, {"ObjectIdentifier": "S-1-5-21-2270287766-1317258649-2146029398-1404", "ObjectType": "Computer"}, {"ObjectIdentifier": "S-1-5-21-2270287766-1317258649-2146029398-1403", "ObjectType": "Computer"}, {"ObjectIdentifier": "S-1-5-21-2270287766-1317258649-2146029398-1402", "ObjectType": "Computer"}, {"ObjectIdentifier": "S-1-5-21-2270287766-1317258649-2146029398-1401", "ObjectType": "Computer"}, {"ObjectIdentifier": "S-1-5-21-2270287766-1317258649-2146029398-1400", "ObjectType": "Computer"}, {"ObjectIdentifier": "S-1-5-21-2270287766-1317258649-2146029398-1399", "ObjectType": "Computer"}, {"ObjectIdentifier": "S-1-5-21-2270287766-1317258649-2146029398-1398", "ObjectType": "Computer"}, {"ObjectIdentifier": "S-1-5-21-2270287766-1317258649-2146029398-1397", "ObjectType": "Computer"}, {"ObjectIdentifier": "S-1-5-21-2270287766-1317258649-2146029398-1396", "ObjectType": "Computer"}, {"ObjectIdentifier": "S-1-5-21-2270287766-1317258649-2146029398-1395", "ObjectType": "Computer"}, {"ObjectIdentifier": "S-1-5-21-2270287766-1317258649-2146029398-1394", "ObjectType": "Computer"}, {"ObjectIdentifier": "S-1-5-21-2270287766-1317258649-2146029398-1393", "ObjectType": "Computer"}, {"ObjectIdentifier": "S-1-5-21-2270287766-1317258649-2146029398-1392", "ObjectType": "Computer"}, {"ObjectIdentifier": "S-1-5-21-2270287766-1317258649-2146029398-1391", "ObjectType": "Computer"}, {"ObjectIdentifier": "S-1-5-21-2270287766-1317258649-2146029398-1390", "ObjectType": "Computer"}, {"ObjectIdentifier": "S-1-5-21-2270287766-1317258649-2146029398-1389", "ObjectType": "Computer"}, {"ObjectIdentifier": "S-1-5-21-2270287766-1317258649-2146029398-1388", "ObjectType": "Computer"}, {"ObjectIdentifier": "S-1-5-21-2270287766-1317258649-2146029398-1158", "ObjectType": "Computer"}, {"ObjectIdentifier": "S-1-5-21-2270287766-1317258649-2146029398-1156", "ObjectType": "Computer"}, {"ObjectIdentifier": "S-1-5-21-2270287766-1317258649-2146029398-1107", "ObjectType": "Computer"}, {"ObjectIdentifier": "S-1-5-21-2270287766-1317258649-2146029398-1154", "ObjectType": "Computer"}, {"ObjectIdentifier": "S-1-5-21-2270287766-1317258649-2146029398-1104", "ObjectType": "Computer"}, {"ObjectIdentifier": "S-1-5-21-2270287766-1317258649-2146029398-1387", "ObjectType": "Computer"}, {"ObjectIdentifier": "S-1-5-21-2270287766-1317258649-2146029398-1386", "ObjectType": "Computer"}, {"ObjectIdentifier": "S-1-5-21-2270287766-1317258649-2146029398-1385", "ObjectType": "Computer"}, {"ObjectIdentifier": "S-1-5-21-2270287766-1317258649-2146029398-1384", "ObjectType": "Computer"}, {"ObjectIdentifier": "S-1-5-21-2270287766-1317258649-2146029398-1383", "ObjectType": "Computer"}, {"ObjectIdentifier": "S-1-5-21-2270287766-1317258649-2146029398-1382", "ObjectType": "Computer"}, {"ObjectIdentifier": "S-1-5-21-2270287766-1317258649-2146029398-1381", "ObjectType": "Computer"}, {"ObjectIdentifier": "S-1-5-21-2270287766-1317258649-2146029398-1380", "ObjectType": "Computer"}, {"ObjectIdentifier": "S-1-5-21-2270287766-1317258649-2146029398-1379", "ObjectType": "Computer"}, {"ObjectIdentifier": "S-1-5-21-2270287766-1317258649-2146029398-1378", "ObjectType": "Computer"}, {"ObjectIdentifier": "S-1-5-21-2270287766-1317258649-2146029398-1377", "ObjectType": "Computer"}, {"ObjectIdentifier": "S-1-5-21-2270287766-1317258649-2146029398-1376", "ObjectType": "Computer"}, {"ObjectIdentifier": "S-1-5-21-2270287766-1317258649-2146029398-1375", "ObjectType": "Computer"}, {"ObjectIdentifier": "S-1-5-21-2270287766-1317258649-2146029398-1374", "ObjectType": "Computer"}, {"ObjectIdentifier": "S-1-5-21-2270287766-1317258649-2146029398-1373", "ObjectType": "Computer"}, {"ObjectIdentifier": "S-1-5-21-2270287766-1317258649-2146029398-1372", "ObjectType": "Computer"}, {"ObjectIdentifier": "S-1-5-21-2270287766-1317258649-2146029398-1371", "ObjectType": "Computer"}, {"ObjectIdentifier": "S-1-5-21-2270287766-1317258649-2146029398-1370", "ObjectType": "Computer"}, {"ObjectIdentifier": "S-1-5-21-2270287766-1317258649-2146029398-1369", "ObjectType": "Computer"}, {"ObjectIdentifier": "S-1-5-21-2270287766-1317258649-2146029398-1368", "ObjectType": "Computer"}, {"ObjectIdentifier": "S-1-5-21-2270287766-1317258649-2146029398-1367", "ObjectType": "Computer"}, {"ObjectIdentifier": "S-1-5-21-2270287766-1317258649-2146029398-1366", "ObjectType": "Computer"}, {"ObjectIdentifier": "S-1-5-21-2270287766-1317258649-2146029398-1365", "ObjectType": "Computer"}, {"ObjectIdentifier": "S-1-5-21-2270287766-1317258649-2146029398-1364", "ObjectType": "Computer"}, {"ObjectIdentifier": "S-1-5-21-2270287766-1317258649-2146029398-1363", "ObjectType": "Computer"}, {"ObjectIdentifier": "S-1-5-21-2270287766-1317258649-2146029398-1362", "ObjectType": "Computer"}, {"ObjectIdentifier": "S-1-5-21-2270287766-1317258649-2146029398-1361", "ObjectType": "Computer"}, {"ObjectIdentifier": "S-1-5-21-2270287766-1317258649-2146029398-1360", "ObjectType": "Computer"}, {"ObjectIdentifier": "S-1-5-21-2270287766-1317258649-2146029398-1359", "ObjectType": "Computer"}, {"ObjectIdentifier": "S-1-5-21-2270287766-1317258649-2146029398-1358", "ObjectType": "Computer"}, {"ObjectIdentifier": "S-1-5-21-2270287766-1317258649-2146029398-1357", "ObjectType": "Computer"}, {"ObjectIdentifier": "S-1-5-21-2270287766-1317258649-2146029398-1356", "ObjectType": "Computer"}, {"ObjectIdentifier": "S-1-5-21-2270287766-1317258649-2146029398-1180", "ObjectType": "Computer"}, {"ObjectIdentifier": "S-1-5-21-2270287766-1317258649-2146029398-1522", "ObjectType": "Computer"}, {"ObjectIdentifier": "S-1-5-21-2270287766-1317258649-2146029398-1521", "ObjectType": "Computer"}, {"ObjectIdentifier": "S-1-5-21-2270287766-1317258649-2146029398-1520", "ObjectType": "Computer"}, {"ObjectIdentifier": "S-1-5-21-2270287766-1317258649-2146029398-1519", "ObjectType": "Computer"}, {"ObjectIdentifier": "S-1-5-21-2270287766-1317258649-2146029398-1518", "ObjectType": "Computer"}, {"ObjectIdentifier": "S-1-5-21-2270287766-1317258649-2146029398-1517", "ObjectType": "Computer"}, {"ObjectIdentifier": "S-1-5-21-2270287766-1317258649-2146029398-1516", "ObjectType": "Computer"}, {"ObjectIdentifier": "S-1-5-21-2270287766-1317258649-2146029398-1515", "ObjectType": "Computer"}, {"ObjectIdentifier": "S-1-5-21-2270287766-1317258649-2146029398-1514", "ObjectType": "Computer"}, {"ObjectIdentifier": "S-1-5-21-2270287766-1317258649-2146029398-1513", "ObjectType": "Computer"}, {"ObjectIdentifier": "S-1-5-21-2270287766-1317258649-2146029398-1512", "ObjectType": "Computer"}, {"ObjectIdentifier": "S-1-5-21-2270287766-1317258649-2146029398-1511", "ObjectType": "Computer"}, {"ObjectIdentifier": "S-1-5-21-2270287766-1317258649-2146029398-1510", "ObjectType": "Computer"}, {"ObjectIdentifier": "S-1-5-21-2270287766-1317258649-2146029398-1509", "ObjectType": "Computer"}, {"ObjectIdentifier": "S-1-5-21-2270287766-1317258649-2146029398-1508", "ObjectType": "Computer"}, {"ObjectIdentifier": "S-1-5-21-2270287766-1317258649-2146029398-1507", "ObjectType": "Computer"}, {"ObjectIdentifier": "S-1-5-21-2270287766-1317258649-2146029398-1506", "ObjectType": "Computer"}, {"ObjectIdentifier": "S-1-5-21-2270287766-1317258649-2146029398-1505", "ObjectType": "Computer"}, {"ObjectIdentifier": "S-1-5-21-2270287766-1317258649-2146029398-1504", "ObjectType": "Computer"}, {"ObjectIdentifier": "S-1-5-21-2270287766-1317258649-2146029398-1503", "ObjectType": "Computer"}, {"ObjectIdentifier": "S-1-5-21-2270287766-1317258649-2146029398-1502", "ObjectType": "Computer"}, {"ObjectIdentifier": "S-1-5-21-2270287766-1317258649-2146029398-1501", "ObjectType": "Computer"}, {"ObjectIdentifier": "S-1-5-21-2270287766-1317258649-2146029398-1500", "ObjectType": "Computer"}, {"ObjectIdentifier": "S-1-5-21-2270287766-1317258649-2146029398-1499", "ObjectType": "Computer"}, {"ObjectIdentifier": "S-1-5-21-2270287766-1317258649-2146029398-1498", "ObjectType": "Computer"}, {"ObjectIdentifier": "S-1-5-21-2270287766-1317258649-2146029398-1497", "ObjectType": "Computer"}, {"ObjectIdentifier": "S-1-5-21-2270287766-1317258649-2146029398-1496", "ObjectType": "Computer"}, {"ObjectIdentifier": "S-1-5-21-2270287766-1317258649-2146029398-1495", "ObjectType": "Computer"}, {"ObjectIdentifier": "S-1-5-21-2270287766-1317258649-2146029398-1494", "ObjectType": "Computer"}, {"ObjectIdentifier": "S-1-5-21-2270287766-1317258649-2146029398-1493", "ObjectType": "Computer"}, {"ObjectIdentifier": "S-1-5-21-2270287766-1317258649-2146029398-1492", "ObjectType": "Computer"}, {"ObjectIdentifier": "S-1-5-21-2270287766-1317258649-2146029398-1491", "ObjectType": "Computer"}, {"ObjectIdentifier": "S-1-5-21-2270287766-1317258649-2146029398-1490", "ObjectType": "Computer"}, {"ObjectIdentifier": "S-1-5-21-2270287766-1317258649-2146029398-1489", "ObjectType": "Computer"}, {"ObjectIdentifier": "S-1-5-21-2270287766-1317258649-2146029398-1488", "ObjectType": "Computer"}, {"ObjectIdentifier": "S-1-5-21-2270287766-1317258649-2146029398-1487", "ObjectType": "Computer"}, {"ObjectIdentifier": "S-1-5-21-2270287766-1317258649-2146029398-1486", "ObjectType": "Computer"}, {"ObjectIdentifier": "S-1-5-21-2270287766-1317258649-2146029398-1485", "ObjectType": "Computer"}, {"ObjectIdentifier": "S-1-5-21-2270287766-1317258649-2146029398-1484", "ObjectType": "Computer"}, {"ObjectIdentifier": "S-1-5-21-2270287766-1317258649-2146029398-1483", "ObjectType": "Computer"}, {"ObjectIdentifier": "S-1-5-21-2270287766-1317258649-2146029398-1482", "ObjectType": "Computer"}, {"ObjectIdentifier": "S-1-5-21-2270287766-1317258649-2146029398-1481", "ObjectType": "Computer"}, {"ObjectIdentifier": "S-1-5-21-2270287766-1317258649-2146029398-1480", "ObjectType": "Computer"}, {"ObjectIdentifier": "S-1-5-21-2270287766-1317258649-2146029398-1479", "ObjectType": "Computer"}, {"ObjectIdentifier": "S-1-5-21-2270287766-1317258649-2146029398-1478", "ObjectType": "Computer"}, {"ObjectIdentifier": "S-1-5-21-2270287766-1317258649-2146029398-1477", "ObjectType": "Computer"}, {"ObjectIdentifier": "S-1-5-21-2270287766-1317258649-2146029398-1476", "ObjectType": "Computer"}, {"ObjectIdentifier": "S-1-5-21-2270287766-1317258649-2146029398-1475", "ObjectType": "Computer"}, {"ObjectIdentifier": "S-1-5-21-2270287766-1317258649-2146029398-1474", "ObjectType": "Computer"}, {"ObjectIdentifier": "S-1-5-21-2270287766-1317258649-2146029398-1473", "ObjectType": "Computer"}, {"ObjectIdentifier": "S-1-5-21-2270287766-1317258649-2146029398-1472", "ObjectType": "Computer"}, {"ObjectIdentifier": "S-1-5-21-2270287766-1317258649-2146029398-1471", "ObjectType": "Computer"}, {"ObjectIdentifier": "S-1-5-21-2270287766-1317258649-2146029398-1470", "ObjectType": "Computer"}, {"ObjectIdentifier": "S-1-5-21-2270287766-1317258649-2146029398-1469", "ObjectType": "Computer"}, {"ObjectIdentifier": "S-1-5-21-2270287766-1317258649-2146029398-1468", "ObjectType": "Computer"}, {"ObjectIdentifier": "S-1-5-21-2270287766-1317258649-2146029398-1467", "ObjectType": "Computer"}, {"ObjectIdentifier": "S-1-5-21-2270287766-1317258649-2146029398-1466", "ObjectType": "Computer"}, {"ObjectIdentifier": "S-1-5-21-2270287766-1317258649-2146029398-1465", "ObjectType": "Computer"}, {"ObjectIdentifier": "S-1-5-21-2270287766-1317258649-2146029398-1464", "ObjectType": "Computer"}, {"ObjectIdentifier": "S-1-5-21-2270287766-1317258649-2146029398-1153", "ObjectType": "Computer"}, {"ObjectIdentifier": "S-1-5-21-2270287766-1317258649-2146029398-1152", "ObjectType": "Computer"}, {"ObjectIdentifier": "S-1-5-21-2270287766-1317258649-2146029398-1151", "ObjectType": "Computer"}, {"ObjectIdentifier": "S-1-5-21-2270287766-1317258649-2146029398-1150", "ObjectType": "Computer"}, {"ObjectIdentifier": "S-1-5-21-2270287766-1317258649-2146029398-1149", "ObjectType": "Computer"}, {"ObjectIdentifier": "S-1-5-21-2270287766-1317258649-2146029398-1148", "ObjectType": "Computer"}, {"ObjectIdentifier": "S-1-5-21-2270287766-1317258649-2146029398-1147", "ObjectType": "Computer"}, {"ObjectIdentifier": "S-1-5-21-2270287766-1317258649-2146029398-1146", "ObjectType": "Computer"}, {"ObjectIdentifier": "S-1-5-21-2270287766-1317258649-2146029398-1145", "ObjectType": "Computer"}, {"ObjectIdentifier": "S-1-5-21-2270287766-1317258649-2146029398-1144", "ObjectType": "Computer"}, {"ObjectIdentifier": "S-1-5-21-2270287766-1317258649-2146029398-1143", "ObjectType": "Computer"}, {"ObjectIdentifier": "S-1-5-21-2270287766-1317258649-2146029398-1142", "ObjectType": "Computer"}, {"ObjectIdentifier": "S-1-5-21-2270287766-1317258649-2146029398-1141", "ObjectType": "Computer"}, {"ObjectIdentifier": "S-1-5-21-2270287766-1317258649-2146029398-1140", "ObjectType": "Computer"}, {"ObjectIdentifier": "S-1-5-21-2270287766-1317258649-2146029398-1139", "ObjectType": "Computer"}, {"ObjectIdentifier": "S-1-5-21-2270287766-1317258649-2146029398-1138", "ObjectType": "Computer"}, {"ObjectIdentifier": "S-1-5-21-2270287766-1317258649-2146029398-1137", "ObjectType": "Computer"}, {"ObjectIdentifier": "S-1-5-21-2270287766-1317258649-2146029398-1136", "ObjectType": "Computer"}, {"ObjectIdentifier": "S-1-5-21-2270287766-1317258649-2146029398-1135", "ObjectType": "Computer"}, {"ObjectIdentifier": "S-1-5-21-2270287766-1317258649-2146029398-1525", "ObjectType": "Computer"}, {"ObjectIdentifier": "S-1-5-21-2270287766-1317258649-2146029398-1524", "ObjectType": "Computer"}, {"ObjectIdentifier": "S-1-5-21-2270287766-1317258649-2146029398-1523", "ObjectType": "Computer"}, {"ObjectIdentifier": "S-1-5-21-2270287766-1317258649-2146029398-1531", "ObjectType": "Computer"}, {"ObjectIdentifier": "S-1-5-21-2270287766-1317258649-2146029398-1530", "ObjectType": "Computer"}, {"ObjectIdentifier": "S-1-5-21-2270287766-1317258649-2146029398-1529", "ObjectType": "Computer"}, {"ObjectIdentifier": "S-1-5-21-2270287766-1317258649-2146029398-1528", "ObjectType": "Computer"}, {"ObjectIdentifier": "S-1-5-21-2270287766-1317258649-2146029398-1527", "ObjectType": "Computer"}, {"ObjectIdentifier": "S-1-5-21-2270287766-1317258649-2146029398-1526", "ObjectType": "Computer"}, {"ObjectIdentifier": "S-1-5-21-2270287766-1317258649-2146029398-1163", "ObjectType": "Computer"}, {"ObjectIdentifier": "S-1-5-21-2270287766-1317258649-2146029398-1160", "ObjectType": "Computer"}, {"ObjectIdentifier": "S-1-5-21-2270287766-1317258649-2146029398-1106", "ObjectType": "Computer"}, {"ObjectIdentifier": "S-1-5-21-2270287766-1317258649-2146029398-1161", "ObjectType": "Computer"}, {"ObjectIdentifier": "S-1-5-21-2270287766-1317258649-2146029398-1162", "ObjectType": "Computer"}, {"ObjectIdentifier": "S-1-5-21-2270287766-1317258649-2146029398-1159", "ObjectType": "Computer"}, {"ObjectIdentifier": "S-1-5-21-2270287766-1317258649-2146029398-1176", "ObjectType": "Computer"}, {"ObjectIdentifier": "S-1-5-21-2270287766-1317258649-2146029398-1303", "ObjectType": "Computer"}, {"ObjectIdentifier": "S-1-5-21-2270287766-1317258649-2146029398-1177", "ObjectType": "Computer"}, {"ObjectIdentifier": "S-1-5-21-2270287766-1317258649-2146029398-1103", "ObjectType": "Computer"}, {"ObjectIdentifier": "S-1-5-21-2270287766-1317258649-2146029398-1164", "ObjectType": "Computer"}, {"ObjectIdentifier": "S-1-5-21-2270287766-1317258649-2146029398-1167", "ObjectType": "Computer"}, {"ObjectIdentifier": "S-1-5-21-2270287766-1317258649-2146029398-1174", "ObjectType": "Computer"}, {"ObjectIdentifier": "S-1-5-21-2270287766-1317258649-2146029398-1173", "ObjectType": "Computer"}, {"ObjectIdentifier": "S-1-5-21-2270287766-1317258649-2146029398-1172", "ObjectType": "Computer"}, {"ObjectIdentifier": "S-1-5-21-2270287766-1317258649-2146029398-1171", "ObjectType": "Computer"}, {"ObjectIdentifier": "S-1-5-21-2270287766-1317258649-2146029398-1170", "ObjectType": "Computer"}, {"ObjectIdentifier": "S-1-5-21-2270287766-1317258649-2146029398-1169", "ObjectType": "Computer"}, {"ObjectIdentifier": "S-1-5-21-2270287766-1317258649-2146029398-1168", "ObjectType": "Computer"}, {"ObjectIdentifier": "S-1-5-21-2270287766-1317258649-2146029398-1165", "ObjectType": "Computer"}, {"ObjectIdentifier": "S-1-5-21-2270287766-1317258649-2146029398-1166", "ObjectType": "Computer"}, {"ObjectIdentifier": "S-1-5-21-2270287766-1317258649-2146029398-1108", "ObjectType": "Computer"}, {"ObjectIdentifier": "S-1-5-21-2270287766-1317258649-2146029398-1586", "ObjectType": "Computer"}, {"ObjectIdentifier": "S-1-5-21-2270287766-1317258649-2146029398-1585", "ObjectType": "Computer"}, {"ObjectIdentifier": "S-1-5-21-2270287766-1317258649-2146029398-1584", "ObjectType": "Computer"}, {"ObjectIdentifier": "S-1-5-21-2270287766-1317258649-2146029398-1583", "ObjectType": "Computer"}, {"ObjectIdentifier": "S-1-5-21-2270287766-1317258649-2146029398-1582", "ObjectType": "Computer"}, {"ObjectIdentifier": "S-1-5-21-2270287766-1317258649-2146029398-1581", "ObjectType": "Computer"}, {"ObjectIdentifier": "S-1-5-21-2270287766-1317258649-2146029398-1580", "ObjectType": "Computer"}, {"ObjectIdentifier": "S-1-5-21-2270287766-1317258649-2146029398-1157", "ObjectType": "Computer"}, {"ObjectIdentifier": "S-1-5-21-2270287766-1317258649-2146029398-1175", "ObjectType": "Computer"}, {"ObjectIdentifier": "S-1-5-21-2270287766-1317258649-2146029398-1579", "ObjectType": "Computer"}, {"ObjectIdentifier": "S-1-5-21-2270287766-1317258649-2146029398-1578", "ObjectType": "Computer"}, {"ObjectIdentifier": "S-1-5-21-2270287766-1317258649-2146029398-1577", "ObjectType": "Computer"}, {"ObjectIdentifier": "S-1-5-21-2270287766-1317258649-2146029398-1576", "ObjectType": "Computer"}, {"ObjectIdentifier": "S-1-5-21-2270287766-1317258649-2146029398-1575", "ObjectType": "Computer"}, {"ObjectIdentifier": "S-1-5-21-2270287766-1317258649-2146029398-1574", "ObjectType": "Computer"}, {"ObjectIdentifier": "S-1-5-21-2270287766-1317258649-2146029398-1573", "ObjectType": "Computer"}, {"ObjectIdentifier": "S-1-5-21-2270287766-1317258649-2146029398-1572", "ObjectType": "Computer"}, {"ObjectIdentifier": "S-1-5-21-2270287766-1317258649-2146029398-1571", "ObjectType": "Computer"}, {"ObjectIdentifier": "S-1-5-21-2270287766-1317258649-2146029398-1570", "ObjectType": "Computer"}, {"ObjectIdentifier": "S-1-5-21-2270287766-1317258649-2146029398-1569", "ObjectType": "Computer"}, {"ObjectIdentifier": "S-1-5-21-2270287766-1317258649-2146029398-1568", "ObjectType": "Computer"}, {"ObjectIdentifier": "S-1-5-21-2270287766-1317258649-2146029398-1567", "ObjectType": "Computer"}, {"ObjectIdentifier": "S-1-5-21-2270287766-1317258649-2146029398-1566", "ObjectType": "Computer"}, {"ObjectIdentifier": "S-1-5-21-2270287766-1317258649-2146029398-1565", "ObjectType": "Computer"}, {"ObjectIdentifier": "S-1-5-21-2270287766-1317258649-2146029398-1188", "ObjectType": "Computer"}, {"ObjectIdentifier": "S-1-5-21-2270287766-1317258649-2146029398-1187", "ObjectType": "Computer"}, {"ObjectIdentifier": "S-1-5-21-2270287766-1317258649-2146029398-1186", "ObjectType": "Computer"}, {"ObjectIdentifier": "S-1-5-21-2270287766-1317258649-2146029398-1185", "ObjectType": "Computer"}, {"ObjectIdentifier": "S-1-5-21-2270287766-1317258649-2146029398-1184", "ObjectType": "Computer"}, {"ObjectIdentifier": "S-1-5-21-2270287766-1317258649-2146029398-1183", "ObjectType": "Computer"}, {"ObjectIdentifier": "S-1-5-21-2270287766-1317258649-2146029398-1182", "ObjectType": "Computer"}, {"ObjectIdentifier": "S-1-5-21-2270287766-1317258649-2146029398-1181", "ObjectType": "Computer"}, {"ObjectIdentifier": "S-1-5-21-2270287766-1317258649-2146029398-1179", "ObjectType": "Computer"}, {"ObjectIdentifier": "S-1-5-21-2270287766-1317258649-2146029398-1155", "ObjectType": "Computer"}, {"ObjectIdentifier": "S-1-5-21-2270287766-1317258649-2146029398-1117", "ObjectType": "Computer"}, {"ObjectIdentifier": "S-1-5-21-2270287766-1317258649-2146029398-1116", "ObjectType": "Computer"}, {"ObjectIdentifier": "S-1-5-21-2270287766-1317258649-2146029398-1115", "ObjectType": "Computer"}, {"ObjectIdentifier": "S-1-5-21-2270287766-1317258649-2146029398-1114", "ObjectType": "Computer"}, {"ObjectIdentifier": "S-1-5-21-2270287766-1317258649-2146029398-1113", "ObjectType": "Computer"}, {"ObjectIdentifier": "S-1-5-21-2270287766-1317258649-2146029398-1112", "ObjectType": "Computer"}, {"ObjectIdentifier": "S-1-5-21-2270287766-1317258649-2146029398-1111", "ObjectType": "Computer"}, {"ObjectIdentifier": "S-1-5-21-2270287766-1317258649-2146029398-1110", "ObjectType": "Computer"}, {"ObjectIdentifier": "S-1-5-21-2270287766-1317258649-2146029398-1109", "ObjectType": "Computer"}, {"ObjectIdentifier": "S-1-5-21-2270287766-1317258649-2146029398-4616", "ObjectType": "Computer"}, {"ObjectIdentifier": "S-1-5-21-2270287766-1317258649-2146029398-1105", "ObjectType": "Computer"}, {"ObjectIdentifier": "S-1-5-21-2270287766-1317258649-2146029398-1302", "ObjectType": "Computer"}, {"ObjectIdentifier": "S-1-5-21-2270287766-1317258649-2146029398-1301", "ObjectType": "Computer"}, {"ObjectIdentifier": "S-1-5-21-2270287766-1317258649-2146029398-1300", "ObjectType": "Computer"}, {"ObjectIdentifier": "S-1-5-21-2270287766-1317258649-2146029398-1299", "ObjectType": "Computer"}, {"ObjectIdentifier": "S-1-5-21-2270287766-1317258649-2146029398-1298", "ObjectType": "Computer"}, {"ObjectIdentifier": "S-1-5-21-2270287766-1317258649-2146029398-1297", "ObjectType": "Computer"}, {"ObjectIdentifier": "S-1-5-21-2270287766-1317258649-2146029398-1296", "ObjectType": "Computer"}, {"ObjectIdentifier": "S-1-5-21-2270287766-1317258649-2146029398-1295", "ObjectType": "Computer"}, {"ObjectIdentifier": "S-1-5-21-2270287766-1317258649-2146029398-1294", "ObjectType": "Computer"}, {"ObjectIdentifier": "S-1-5-21-2270287766-1317258649-2146029398-1293", "ObjectType": "Computer"}, {"ObjectIdentifier": "S-1-5-21-2270287766-1317258649-2146029398-1292", "ObjectType": "Computer"}, {"ObjectIdentifier": "S-1-5-21-2270287766-1317258649-2146029398-1291", "ObjectType": "Computer"}, {"ObjectIdentifier": "S-1-5-21-2270287766-1317258649-2146029398-1290", "ObjectType": "Computer"}, {"ObjectIdentifier": "S-1-5-21-2270287766-1317258649-2146029398-1289", "ObjectType": "Computer"}, {"ObjectIdentifier": "S-1-5-21-2270287766-1317258649-2146029398-1288", "ObjectType": "Computer"}, {"ObjectIdentifier": "S-1-5-21-2270287766-1317258649-2146029398-1287", "ObjectType": "Computer"}, {"ObjectIdentifier": "S-1-5-21-2270287766-1317258649-2146029398-1286", "ObjectType": "Computer"}, {"ObjectIdentifier": "S-1-5-21-2270287766-1317258649-2146029398-1285", "ObjectType": "Computer"}, {"ObjectIdentifier": "S-1-5-21-2270287766-1317258649-2146029398-1284", "ObjectType": "Computer"}, {"ObjectIdentifier": "S-1-5-21-2270287766-1317258649-2146029398-1283", "ObjectType": "Computer"}, {"ObjectIdentifier": "S-1-5-21-2270287766-1317258649-2146029398-1282", "ObjectType": "Computer"}, {"ObjectIdentifier": "S-1-5-21-2270287766-1317258649-2146029398-1281", "ObjectType": "Computer"}, {"ObjectIdentifier": "S-1-5-21-2270287766-1317258649-2146029398-1280", "ObjectType": "Computer"}, {"ObjectIdentifier": "S-1-5-21-2270287766-1317258649-2146029398-1279", "ObjectType": "Computer"}, {"ObjectIdentifier": "S-1-5-21-2270287766-1317258649-2146029398-1278", "ObjectType": "Computer"}, {"ObjectIdentifier": "S-1-5-21-2270287766-1317258649-2146029398-1277", "ObjectType": "Computer"}, {"ObjectIdentifier": "S-1-5-21-2270287766-1317258649-2146029398-1276", "ObjectType": "Computer"}, {"ObjectIdentifier": "S-1-5-21-2270287766-1317258649-2146029398-1275", "ObjectType": "Computer"}, {"ObjectIdentifier": "S-1-5-21-2270287766-1317258649-2146029398-1274", "ObjectType": "Computer"}, {"ObjectIdentifier": "S-1-5-21-2270287766-1317258649-2146029398-1273", "ObjectType": "Computer"}, {"ObjectIdentifier": "S-1-5-21-2270287766-1317258649-2146029398-1272", "ObjectType": "Computer"}, {"ObjectIdentifier": "S-1-5-21-2270287766-1317258649-2146029398-1271", "ObjectType": "Computer"}, {"ObjectIdentifier": "S-1-5-21-2270287766-1317258649-2146029398-1270", "ObjectType": "Computer"}, {"ObjectIdentifier": "S-1-5-21-2270287766-1317258649-2146029398-1269", "ObjectType": "Computer"}, {"ObjectIdentifier": "S-1-5-21-2270287766-1317258649-2146029398-1268", "ObjectType": "Computer"}, {"ObjectIdentifier": "S-1-5-21-2270287766-1317258649-2146029398-1267", "ObjectType": "Computer"}, {"ObjectIdentifier": "S-1-5-21-2270287766-1317258649-2146029398-1266", "ObjectType": "Computer"}, {"ObjectIdentifier": "S-1-5-21-2270287766-1317258649-2146029398-1265", "ObjectType": "Computer"}, {"ObjectIdentifier": "S-1-5-21-2270287766-1317258649-2146029398-1264", "ObjectType": "Computer"}, {"ObjectIdentifier": "S-1-5-21-2270287766-1317258649-2146029398-1263", "ObjectType": "Computer"}, {"ObjectIdentifier": "S-1-5-21-2270287766-1317258649-2146029398-1262", "ObjectType": "Computer"}, {"ObjectIdentifier": "S-1-5-21-2270287766-1317258649-2146029398-1261", "ObjectType": "Computer"}, {"ObjectIdentifier": "S-1-5-21-2270287766-1317258649-2146029398-1260", "ObjectType": "Computer"}, {"ObjectIdentifier": "S-1-5-21-2270287766-1317258649-2146029398-1259", "ObjectType": "Computer"}, {"ObjectIdentifier": "S-1-5-21-2270287766-1317258649-2146029398-1258", "ObjectType": "Computer"}, {"ObjectIdentifier": "S-1-5-21-2270287766-1317258649-2146029398-1257", "ObjectType": "Computer"}, {"ObjectIdentifier": "S-1-5-21-2270287766-1317258649-2146029398-1256", "ObjectType": "Computer"}, {"ObjectIdentifier": "S-1-5-21-2270287766-1317258649-2146029398-1255", "ObjectType": "Computer"}, {"ObjectIdentifier": "S-1-5-21-2270287766-1317258649-2146029398-1254", "ObjectType": "Computer"}, {"ObjectIdentifier": "S-1-5-21-2270287766-1317258649-2146029398-1253", "ObjectType": "Computer"}, {"ObjectIdentifier": "S-1-5-21-2270287766-1317258649-2146029398-1252", "ObjectType": "Computer"}, {"ObjectIdentifier": "S-1-5-21-2270287766-1317258649-2146029398-1251", "ObjectType": "Computer"}, {"ObjectIdentifier": "S-1-5-21-2270287766-1317258649-2146029398-1250", "ObjectType": "Computer"}, {"ObjectIdentifier": "S-1-5-21-2270287766-1317258649-2146029398-1249", "ObjectType": "Computer"}, {"ObjectIdentifier": "S-1-5-21-2270287766-1317258649-2146029398-1248", "ObjectType": "Computer"}, {"ObjectIdentifier": "S-1-5-21-2270287766-1317258649-2146029398-1247", "ObjectType": "Computer"}, {"ObjectIdentifier": "S-1-5-21-2270287766-1317258649-2146029398-1246", "ObjectType": "Computer"}, {"ObjectIdentifier": "S-1-5-21-2270287766-1317258649-2146029398-1245", "ObjectType": "Computer"}, {"ObjectIdentifier": "S-1-5-21-2270287766-1317258649-2146029398-1244", "ObjectType": "Computer"}, {"ObjectIdentifier": "S-1-5-21-2270287766-1317258649-2146029398-1243", "ObjectType": "Computer"}, {"ObjectIdentifier": "S-1-5-21-2270287766-1317258649-2146029398-1242", "ObjectType": "Computer"}, {"ObjectIdentifier": "S-1-5-21-2270287766-1317258649-2146029398-1241", "ObjectType": "Computer"}, {"ObjectIdentifier": "S-1-5-21-2270287766-1317258649-2146029398-1240", "ObjectType": "Computer"}, {"ObjectIdentifier": "S-1-5-21-2270287766-1317258649-2146029398-1239", "ObjectType": "Computer"}, {"ObjectIdentifier": "S-1-5-21-2270287766-1317258649-2146029398-1238", "ObjectType": "Computer"}, {"ObjectIdentifier": "S-1-5-21-2270287766-1317258649-2146029398-1237", "ObjectType": "Computer"}, {"ObjectIdentifier": "S-1-5-21-2270287766-1317258649-2146029398-1236", "ObjectType": "Computer"}, {"ObjectIdentifier": "S-1-5-21-2270287766-1317258649-2146029398-1235", "ObjectType": "Computer"}, {"ObjectIdentifier": "S-1-5-21-2270287766-1317258649-2146029398-1234", "ObjectType": "Computer"}, {"ObjectIdentifier": "S-1-5-21-2270287766-1317258649-2146029398-1233", "ObjectType": "Computer"}, {"ObjectIdentifier": "S-1-5-21-2270287766-1317258649-2146029398-1232", "ObjectType": "Computer"}, {"ObjectIdentifier": "S-1-5-21-2270287766-1317258649-2146029398-1231", "ObjectType": "Computer"}, {"ObjectIdentifier": "S-1-5-21-2270287766-1317258649-2146029398-1230", "ObjectType": "Computer"}, {"ObjectIdentifier": "S-1-5-21-2270287766-1317258649-2146029398-1229", "ObjectType": "Computer"}, {"ObjectIdentifier": "S-1-5-21-2270287766-1317258649-2146029398-1228", "ObjectType": "Computer"}, {"ObjectIdentifier": "S-1-5-21-2270287766-1317258649-2146029398-1227", "ObjectType": "Computer"}, {"ObjectIdentifier": "S-1-5-21-2270287766-1317258649-2146029398-1226", "ObjectType": "Computer"}, {"ObjectIdentifier": "S-1-5-21-2270287766-1317258649-2146029398-1225", "ObjectType": "Computer"}, {"ObjectIdentifier": "S-1-5-21-2270287766-1317258649-2146029398-1224", "ObjectType": "Computer"}, {"ObjectIdentifier": "S-1-5-21-2270287766-1317258649-2146029398-1223", "ObjectType": "Computer"}, {"ObjectIdentifier": "S-1-5-21-2270287766-1317258649-2146029398-1222", "ObjectType": "Computer"}, {"ObjectIdentifier": "S-1-5-21-2270287766-1317258649-2146029398-1221", "ObjectType": "Computer"}, {"ObjectIdentifier": "S-1-5-21-2270287766-1317258649-2146029398-1220", "ObjectType": "Computer"}, {"ObjectIdentifier": "S-1-5-21-2270287766-1317258649-2146029398-1219", "ObjectType": "Computer"}, {"ObjectIdentifier": "S-1-5-21-2270287766-1317258649-2146029398-1218", "ObjectType": "Computer"}, {"ObjectIdentifier": "S-1-5-21-2270287766-1317258649-2146029398-1217", "ObjectType": "Computer"}, {"ObjectIdentifier": "S-1-5-21-2270287766-1317258649-2146029398-1216", "ObjectType": "Computer"}, {"ObjectIdentifier": "S-1-5-21-2270287766-1317258649-2146029398-1215", "ObjectType": "Computer"}, {"ObjectIdentifier": "S-1-5-21-2270287766-1317258649-2146029398-1214", "ObjectType": "Computer"}, {"ObjectIdentifier": "S-1-5-21-2270287766-1317258649-2146029398-1213", "ObjectType": "Computer"}, {"ObjectIdentifier": "S-1-5-21-2270287766-1317258649-2146029398-1212", "ObjectType": "Computer"}, {"ObjectIdentifier": "S-1-5-21-2270287766-1317258649-2146029398-1211", "ObjectType": "Computer"}, {"ObjectIdentifier": "S-1-5-21-2270287766-1317258649-2146029398-1210", "ObjectType": "Computer"}, {"ObjectIdentifier": "S-1-5-21-2270287766-1317258649-2146029398-1209", "ObjectType": "Computer"}, {"ObjectIdentifier": "S-1-5-21-2270287766-1317258649-2146029398-1208", "ObjectType": "Computer"}, {"ObjectIdentifier": "S-1-5-21-2270287766-1317258649-2146029398-1207", "ObjectType": "Computer"}, {"ObjectIdentifier": "S-1-5-21-2270287766-1317258649-2146029398-1206", "ObjectType": "Computer"}, {"ObjectIdentifier": "S-1-5-21-2270287766-1317258649-2146029398-1205", "ObjectType": "Computer"}, {"ObjectIdentifier": "S-1-5-21-2270287766-1317258649-2146029398-1204", "ObjectType": "Computer"}, {"ObjectIdentifier": "S-1-5-21-2270287766-1317258649-2146029398-1203", "ObjectType": "Computer"}, {"ObjectIdentifier": "S-1-5-21-2270287766-1317258649-2146029398-1202", "ObjectType": "Computer"}, {"ObjectIdentifier": "S-1-5-21-2270287766-1317258649-2146029398-1201", "ObjectType": "Computer"}, {"ObjectIdentifier": "S-1-5-21-2270287766-1317258649-2146029398-1200", "ObjectType": "Computer"}, {"ObjectIdentifier": "S-1-5-21-2270287766-1317258649-2146029398-1199", "ObjectType": "Computer"}, {"ObjectIdentifier": "S-1-5-21-2270287766-1317258649-2146029398-1198", "ObjectType": "Computer"}, {"ObjectIdentifier": "S-1-5-21-2270287766-1317258649-2146029398-1197", "ObjectType": "Computer"}, {"ObjectIdentifier": "S-1-5-21-2270287766-1317258649-2146029398-1196", "ObjectType": "Computer"}, {"ObjectIdentifier": "S-1-5-21-2270287766-1317258649-2146029398-1195", "ObjectType": "Computer"}, {"ObjectIdentifier": "S-1-5-21-2270287766-1317258649-2146029398-1194", "ObjectType": "Computer"}, {"ObjectIdentifier": "S-1-5-21-2270287766-1317258649-2146029398-1193", "ObjectType": "Computer"}, {"ObjectIdentifier": "S-1-5-21-2270287766-1317258649-2146029398-1192", "ObjectType": "Computer"}, {"ObjectIdentifier": "S-1-5-21-2270287766-1317258649-2146029398-1191", "ObjectType": "Computer"}, {"ObjectIdentifier": "S-1-5-21-2270287766-1317258649-2146029398-1190", "ObjectType": "Computer"}, {"ObjectIdentifier": "S-1-5-21-2270287766-1317258649-2146029398-1189", "ObjectType": "Computer"}, {"ObjectIdentifier": "S-1-5-21-2270287766-1317258649-2146029398-1178", "ObjectType": "Computer"}, {"ObjectIdentifier": "S-1-5-21-2270287766-1317258649-2146029398-1463", "ObjectType": "Computer"}, {"ObjectIdentifier": "S-1-5-21-2270287766-1317258649-2146029398-1462", "ObjectType": "Computer"}, {"ObjectIdentifier": "S-1-5-21-2270287766-1317258649-2146029398-1461", "ObjectType": "Computer"}, {"ObjectIdentifier": "S-1-5-21-2270287766-1317258649-2146029398-1460", "ObjectType": "Computer"}, {"ObjectIdentifier": "S-1-5-21-2270287766-1317258649-2146029398-1459", "ObjectType": "Computer"}, {"ObjectIdentifier": "S-1-5-21-2270287766-1317258649-2146029398-1458", "ObjectType": "Computer"}, {"ObjectIdentifier": "S-1-5-21-2270287766-1317258649-2146029398-1457", "ObjectType": "Computer"}, {"ObjectIdentifier": "S-1-5-21-2270287766-1317258649-2146029398-1456", "ObjectType": "Computer"}, {"ObjectIdentifier": "S-1-5-21-2270287766-1317258649-2146029398-1455", "ObjectType": "Computer"}, {"ObjectIdentifier": "S-1-5-21-2270287766-1317258649-2146029398-1454", "ObjectType": "Computer"}, {"ObjectIdentifier": "S-1-5-21-2270287766-1317258649-2146029398-1453", "ObjectType": "Computer"}, {"ObjectIdentifier": "S-1-5-21-2270287766-1317258649-2146029398-1452", "ObjectType": "Computer"}, {"ObjectIdentifier": "S-1-5-21-2270287766-1317258649-2146029398-1451", "ObjectType": "Computer"}, {"ObjectIdentifier": "S-1-5-21-2270287766-1317258649-2146029398-1450", "ObjectType": "Computer"}, {"ObjectIdentifier": "S-1-5-21-2270287766-1317258649-2146029398-1449", "ObjectType": "Computer"}, {"ObjectIdentifier": "S-1-5-21-2270287766-1317258649-2146029398-1448", "ObjectType": "Computer"}, {"ObjectIdentifier": "S-1-5-21-2270287766-1317258649-2146029398-1447", "ObjectType": "Computer"}, {"ObjectIdentifier": "S-1-5-21-2270287766-1317258649-2146029398-1446", "ObjectType": "Computer"}, {"ObjectIdentifier": "S-1-5-21-2270287766-1317258649-2146029398-1445", "ObjectType": "Computer"}, {"ObjectIdentifier": "S-1-5-21-2270287766-1317258649-2146029398-1444", "ObjectType": "Computer"}, {"ObjectIdentifier": "S-1-5-21-2270287766-1317258649-2146029398-1443", "ObjectType": "Computer"}, {"ObjectIdentifier": "S-1-5-21-2270287766-1317258649-2146029398-1442", "ObjectType": "Computer"}, {"ObjectIdentifier": "S-1-5-21-2270287766-1317258649-2146029398-1441", "ObjectType": "Computer"}, {"ObjectIdentifier": "S-1-5-21-2270287766-1317258649-2146029398-1440", "ObjectType": "Computer"}, {"ObjectIdentifier": "S-1-5-21-2270287766-1317258649-2146029398-1439", "ObjectType": "Computer"}, {"ObjectIdentifier": "S-1-5-21-2270287766-1317258649-2146029398-1591", "ObjectType": "Computer"}, {"ObjectIdentifier": "S-1-5-21-2270287766-1317258649-2146029398-1590", "ObjectType": "Computer"}, {"ObjectIdentifier": "S-1-5-21-2270287766-1317258649-2146029398-1589", "ObjectType": "Computer"}, {"ObjectIdentifier": "S-1-5-21-2270287766-1317258649-2146029398-1588", "ObjectType": "Computer"}, {"ObjectIdentifier": "S-1-5-21-2270287766-1317258649-2146029398-1587", "ObjectType": "Computer"}, {"ObjectIdentifier": "S-1-5-21-2270287766-1317258649-2146029398-1532", "ObjectType": "Computer"}, {"ObjectIdentifier": "S-1-5-21-2270287766-1317258649-2146029398-1564", "ObjectType": "Computer"}, {"ObjectIdentifier": "S-1-5-21-2270287766-1317258649-2146029398-1563", "ObjectType": "Computer"}, {"ObjectIdentifier": "S-1-5-21-2270287766-1317258649-2146029398-1562", "ObjectType": "Computer"}, {"ObjectIdentifier": "S-1-5-21-2270287766-1317258649-2146029398-1561", "ObjectType": "Computer"}, {"ObjectIdentifier": "S-1-5-21-2270287766-1317258649-2146029398-1560", "ObjectType": "Computer"}, {"ObjectIdentifier": "S-1-5-21-2270287766-1317258649-2146029398-1559", "ObjectType": "Computer"}, {"ObjectIdentifier": "S-1-5-21-2270287766-1317258649-2146029398-1558", "ObjectType": "Computer"}, {"ObjectIdentifier": "S-1-5-21-2270287766-1317258649-2146029398-1557", "ObjectType": "Computer"}, {"ObjectIdentifier": "S-1-5-21-2270287766-1317258649-2146029398-1556", "ObjectType": "Computer"}, {"ObjectIdentifier": "S-1-5-21-2270287766-1317258649-2146029398-1555", "ObjectType": "Computer"}, {"ObjectIdentifier": "S-1-5-21-2270287766-1317258649-2146029398-1554", "ObjectType": "Computer"}, {"ObjectIdentifier": "S-1-5-21-2270287766-1317258649-2146029398-1553", "ObjectType": "Computer"}, {"ObjectIdentifier": "S-1-5-21-2270287766-1317258649-2146029398-1552", "ObjectType": "Computer"}, {"ObjectIdentifier": "S-1-5-21-2270287766-1317258649-2146029398-1551", "ObjectType": "Computer"}, {"ObjectIdentifier": "S-1-5-21-2270287766-1317258649-2146029398-1550", "ObjectType": "Computer"}, {"ObjectIdentifier": "S-1-5-21-2270287766-1317258649-2146029398-1549", "ObjectType": "Computer"}, {"ObjectIdentifier": "S-1-5-21-2270287766-1317258649-2146029398-1548", "ObjectType": "Computer"}, {"ObjectIdentifier": "S-1-5-21-2270287766-1317258649-2146029398-1547", "ObjectType": "Computer"}, {"ObjectIdentifier": "S-1-5-21-2270287766-1317258649-2146029398-1546", "ObjectType": "Computer"}, {"ObjectIdentifier": "S-1-5-21-2270287766-1317258649-2146029398-1545", "ObjectType": "Computer"}, {"ObjectIdentifier": "S-1-5-21-2270287766-1317258649-2146029398-1544", "ObjectType": "Computer"}, {"ObjectIdentifier": "S-1-5-21-2270287766-1317258649-2146029398-1543", "ObjectType": "Computer"}, {"ObjectIdentifier": "S-1-5-21-2270287766-1317258649-2146029398-1542", "ObjectType": "Computer"}, {"ObjectIdentifier": "S-1-5-21-2270287766-1317258649-2146029398-1541", "ObjectType": "Computer"}, {"ObjectIdentifier": "S-1-5-21-2270287766-1317258649-2146029398-1540", "ObjectType": "Computer"}, {"ObjectIdentifier": "S-1-5-21-2270287766-1317258649-2146029398-1539", "ObjectType": "Computer"}, {"ObjectIdentifier": "S-1-5-21-2270287766-1317258649-2146029398-1538", "ObjectType": "Computer"}, {"ObjectIdentifier": "S-1-5-21-2270287766-1317258649-2146029398-1537", "ObjectType": "Computer"}, {"ObjectIdentifier": "S-1-5-21-2270287766-1317258649-2146029398-1536", "ObjectType": "Computer"}, {"ObjectIdentifier": "S-1-5-21-2270287766-1317258649-2146029398-1535", "ObjectType": "Computer"}, {"ObjectIdentifier": "S-1-5-21-2270287766-1317258649-2146029398-1534", "ObjectType": "Computer"}, {"ObjectIdentifier": "S-1-5-21-2270287766-1317258649-2146029398-1533", "ObjectType": "Computer"}, {"ObjectIdentifier": "S-1-5-21-2270287766-1317258649-2146029398-4615", "ObjectType": "Computer"}, {"ObjectIdentifier": "S-1-5-21-2270287766-1317258649-2146029398-1603", "ObjectType": "Computer"}, {"ObjectIdentifier": "S-1-5-21-2270287766-1317258649-2146029398-1602", "ObjectType": "Computer"}, {"ObjectIdentifier": "S-1-5-21-2270287766-1317258649-2146029398-1601", "ObjectType": "Computer"}, {"ObjectIdentifier": "S-1-5-21-2270287766-1317258649-2146029398-1600", "ObjectType": "Computer"}, {"ObjectIdentifier": "S-1-5-21-2270287766-1317258649-2146029398-1599", "ObjectType": "Computer"}, {"ObjectIdentifier": "S-1-5-21-2270287766-1317258649-2146029398-1598", "ObjectType": "Computer"}, {"ObjectIdentifier": "S-1-5-21-2270287766-1317258649-2146029398-1597", "ObjectType": "Computer"}, {"ObjectIdentifier": "S-1-5-21-2270287766-1317258649-2146029398-1596", "ObjectType": "Computer"}, {"ObjectIdentifier": "S-1-5-21-2270287766-1317258649-2146029398-1595", "ObjectType": "Computer"}, {"ObjectIdentifier": "S-1-5-21-2270287766-1317258649-2146029398-1594", "ObjectType": "Computer"}, {"ObjectIdentifier": "S-1-5-21-2270287766-1317258649-2146029398-1593", "ObjectType": "Computer"}, {"ObjectIdentifier": "S-1-5-21-2270287766-1317258649-2146029398-1592", "ObjectType": "Computer"}, {"ObjectIdentifier": "S-1-5-21-2270287766-1317258649-2146029398-1311", "ObjectType": "Computer"}, {"ObjectIdentifier": "S-1-5-21-2270287766-1317258649-2146029398-1310", "ObjectType": "Computer"}, {"ObjectIdentifier": "S-1-5-21-2270287766-1317258649-2146029398-1309", "ObjectType": "Computer"}, {"ObjectIdentifier": "S-1-5-21-2270287766-1317258649-2146029398-1308", "ObjectType": "Computer"}, {"ObjectIdentifier": "S-1-5-21-2270287766-1317258649-2146029398-1355", "ObjectType": "Computer"}, {"ObjectIdentifier": "S-1-5-21-2270287766-1317258649-2146029398-1354", "ObjectType": "Computer"}, {"ObjectIdentifier": "S-1-5-21-2270287766-1317258649-2146029398-1353", "ObjectType": "Computer"}, {"ObjectIdentifier": "S-1-5-21-2270287766-1317258649-2146029398-1352", "ObjectType": "Computer"}, {"ObjectIdentifier": "S-1-5-21-2270287766-1317258649-2146029398-1307", "ObjectType": "Computer"}, {"ObjectIdentifier": "S-1-5-21-2270287766-1317258649-2146029398-1351", "ObjectType": "Computer"}, {"ObjectIdentifier": "S-1-5-21-2270287766-1317258649-2146029398-1350", "ObjectType": "Computer"}, {"ObjectIdentifier": "S-1-5-21-2270287766-1317258649-2146029398-1349", "ObjectType": "Computer"}, {"ObjectIdentifier": "S-1-5-21-2270287766-1317258649-2146029398-1348", "ObjectType": "Computer"}, {"ObjectIdentifier": "S-1-5-21-2270287766-1317258649-2146029398-1347", "ObjectType": "Computer"}, {"ObjectIdentifier": "S-1-5-21-2270287766-1317258649-2146029398-1346", "ObjectType": "Computer"}, {"ObjectIdentifier": "S-1-5-21-2270287766-1317258649-2146029398-1345", "ObjectType": "Computer"}, {"ObjectIdentifier": "S-1-5-21-2270287766-1317258649-2146029398-1344", "ObjectType": "Computer"}, {"ObjectIdentifier": "S-1-5-21-2270287766-1317258649-2146029398-1343", "ObjectType": "Computer"}, {"ObjectIdentifier": "S-1-5-21-2270287766-1317258649-2146029398-1342", "ObjectType": "Computer"}, {"ObjectIdentifier": "S-1-5-21-2270287766-1317258649-2146029398-1306", "ObjectType": "Computer"}, {"ObjectIdentifier": "S-1-5-21-2270287766-1317258649-2146029398-1341", "ObjectType": "Computer"}, {"ObjectIdentifier": "S-1-5-21-2270287766-1317258649-2146029398-1340", "ObjectType": "Computer"}, {"ObjectIdentifier": "S-1-5-21-2270287766-1317258649-2146029398-1339", "ObjectType": "Computer"}, {"ObjectIdentifier": "S-1-5-21-2270287766-1317258649-2146029398-1338", "ObjectType": "Computer"}, {"ObjectIdentifier": "S-1-5-21-2270287766-1317258649-2146029398-1337", "ObjectType": "Computer"}, {"ObjectIdentifier": "S-1-5-21-2270287766-1317258649-2146029398-1336", "ObjectType": "Computer"}, {"ObjectIdentifier": "S-1-5-21-2270287766-1317258649-2146029398-1335", "ObjectType": "Computer"}, {"ObjectIdentifier": "S-1-5-21-2270287766-1317258649-2146029398-1334", "ObjectType": "Computer"}, {"ObjectIdentifier": "S-1-5-21-2270287766-1317258649-2146029398-1333", "ObjectType": "Computer"}, {"ObjectIdentifier": "S-1-5-21-2270287766-1317258649-2146029398-1332", "ObjectType": "Computer"}, {"ObjectIdentifier": "S-1-5-21-2270287766-1317258649-2146029398-1305", "ObjectType": "Computer"}, {"ObjectIdentifier": "S-1-5-21-2270287766-1317258649-2146029398-1331", "ObjectType": "Computer"}, {"ObjectIdentifier": "S-1-5-21-2270287766-1317258649-2146029398-1330", "ObjectType": "Computer"}, {"ObjectIdentifier": "S-1-5-21-2270287766-1317258649-2146029398-1329", "ObjectType": "Computer"}, {"ObjectIdentifier": "S-1-5-21-2270287766-1317258649-2146029398-1328", "ObjectType": "Computer"}, {"ObjectIdentifier": "S-1-5-21-2270287766-1317258649-2146029398-1327", "ObjectType": "Computer"}, {"ObjectIdentifier": "S-1-5-21-2270287766-1317258649-2146029398-1326", "ObjectType": "Computer"}, {"ObjectIdentifier": "S-1-5-21-2270287766-1317258649-2146029398-1325", "ObjectType": "Computer"}, {"ObjectIdentifier": "S-1-5-21-2270287766-1317258649-2146029398-1324", "ObjectType": "Computer"}, {"ObjectIdentifier": "S-1-5-21-2270287766-1317258649-2146029398-1323", "ObjectType": "Computer"}, {"ObjectIdentifier": "S-1-5-21-2270287766-1317258649-2146029398-1322", "ObjectType": "Computer"}, {"ObjectIdentifier": "S-1-5-21-2270287766-1317258649-2146029398-1304", "ObjectType": "Computer"}, {"ObjectIdentifier": "S-1-5-21-2270287766-1317258649-2146029398-1321", "ObjectType": "Computer"}, {"ObjectIdentifier": "S-1-5-21-2270287766-1317258649-2146029398-1320", "ObjectType": "Computer"}, {"ObjectIdentifier": "S-1-5-21-2270287766-1317258649-2146029398-1319", "ObjectType": "Computer"}, {"ObjectIdentifier": "S-1-5-21-2270287766-1317258649-2146029398-1318", "ObjectType": "Computer"}, {"ObjectIdentifier": "S-1-5-21-2270287766-1317258649-2146029398-1317", "ObjectType": "Computer"}, {"ObjectIdentifier": "S-1-5-21-2270287766-1317258649-2146029398-1316", "ObjectType": "Computer"}, {"ObjectIdentifier": "S-1-5-21-2270287766-1317258649-2146029398-1315", "ObjectType": "Computer"}, {"ObjectIdentifier": "S-1-5-21-2270287766-1317258649-2146029398-1314", "ObjectType": "Computer"}, {"ObjectIdentifier": "S-1-5-21-2270287766-1317258649-2146029398-1313", "ObjectType": "Computer"}, {"ObjectIdentifier": "S-1-5-21-2270287766-1317258649-2146029398-1312", "ObjectType": "Computer"}]},{"ObjectIdentifier": "4552878D-89E0-46E3-9FDF-FBEDDEA14CFF", "Properties": {"domain": "INLANEFREIGHT.LOCAL", "name": "USERS@INLANEFREIGHT.LOCAL", "distinguishedname": "CN=USERS,DC=INLANEFREIGHT,DC=LOCAL", "domainsid": "S-1-5-21-2270287766-1317258649-2146029398", "highvalue": false, "description": "Default container for upgraded user accounts", "whencreated": 1648630413}, "IsDeleted": false, "IsACLProtected": false, "Aces": [{"RightName": "Owns", "IsInherited": false, "PrincipalSID": "S-1-5-21-2270287766-1317258649-2146029398-512", "PrincipalType": "Group"}, {"RightName": "WriteOwner", "IsInherited": false, "PrincipalSID": "S-1-5-21-2270287766-1317258649-2146029398-512", "PrincipalType": "Group"}, {"RightName": "WriteDacl", "IsInherited": false, "PrincipalSID": "S-1-5-21-2270287766-1317258649-2146029398-512", "PrincipalType": "Group"}, {"RightName": "GenericAll", "IsInherited": true, "PrincipalSID": "S-1-5-21-2270287766-1317258649-2146029398-519", "PrincipalType": "Group"}, {"RightName": "WriteOwner", "IsInherited": true, "PrincipalSID": "INLANEFREIGHT.LOCAL-S-1-5-32-544", "PrincipalType": "Group"}, {"RightName": "WriteDacl", "IsInherited": true, "PrincipalSID": "INLANEFREIGHT.LOCAL-S-1-5-32-544", "PrincipalType": "Group"}], "ChildObjects": [{"ObjectIdentifier": "S-1-5-21-2270287766-1317258649-2146029398-4607", "ObjectType": "User"}, {"ObjectIdentifier": "S-1-5-21-2270287766-1317258649-2146029398-4608", "ObjectType": "User"}, {"ObjectIdentifier": "S-1-5-21-2270287766-1317258649-2146029398-4611", "ObjectType": "User"}, {"ObjectIdentifier": "S-1-5-21-2270287766-1317258649-2146029398-4612", "ObjectType": "User"}, {"ObjectIdentifier": "S-1-5-21-2270287766-1317258649-2146029398-4609", "ObjectType": "User"}, {"ObjectIdentifier": "S-1-5-21-2270287766-1317258649-2146029398-4610", "ObjectType": "User"}, {"ObjectIdentifier": "S-1-5-21-2270287766-1317258649-2146029398-518", "ObjectType": "Group"}, {"ObjectIdentifier": "S-1-5-21-2270287766-1317258649-2146029398-521", "ObjectType": "Group"}, {"ObjectIdentifier": "S-1-5-21-2270287766-1317258649-2146029398-553", "ObjectType": "Group"}, {"ObjectIdentifier": "S-1-5-21-2270287766-1317258649-2146029398-525", "ObjectType": "Group"}, {"ObjectIdentifier": "S-1-5-21-2270287766-1317258649-2146029398-502", "ObjectType": "User"}, {"ObjectIdentifier": "S-1-5-21-2270287766-1317258649-2146029398-526", "ObjectType": "Group"}, {"ObjectIdentifier": "S-1-5-21-2270287766-1317258649-2146029398-501", "ObjectType": "User"}, {"ObjectIdentifier": "S-1-5-21-2270287766-1317258649-2146029398-520", "ObjectType": "Group"}, {"ObjectIdentifier": "S-1-5-21-2270287766-1317258649-2146029398-498", "ObjectType": "Group"}, {"ObjectIdentifier": "S-1-5-21-2270287766-1317258649-2146029398-527", "ObjectType": "Group"}, {"ObjectIdentifier": "S-1-5-21-2270287766-1317258649-2146029398-519", "ObjectType": "Group"}, {"ObjectIdentifier": "S-1-5-21-2270287766-1317258649-2146029398-513", "ObjectType": "Group"}, {"ObjectIdentifier": "S-1-5-21-2270287766-1317258649-2146029398-514", "ObjectType": "Group"}, {"ObjectIdentifier": "S-1-5-21-2270287766-1317258649-2146029398-516", "ObjectType": "Group"}, {"ObjectIdentifier": "S-1-5-21-2270287766-1317258649-2146029398-515", "ObjectType": "Group"}, {"ObjectIdentifier": "S-1-5-21-2270287766-1317258649-2146029398-512", "ObjectType": "Group"}, {"ObjectIdentifier": "S-1-5-21-2270287766-1317258649-2146029398-1102", "ObjectType": "Group"}, {"ObjectIdentifier": "S-1-5-21-2270287766-1317258649-2146029398-1101", "ObjectType": "Group"}, {"ObjectIdentifier": "S-1-5-21-2270287766-1317258649-2146029398-572", "ObjectType": "Group"}, {"ObjectIdentifier": "S-1-5-21-2270287766-1317258649-2146029398-522", "ObjectType": "Group"}, {"ObjectIdentifier": "S-1-5-21-2270287766-1317258649-2146029398-517", "ObjectType": "Group"}, {"ObjectIdentifier": "S-1-5-21-2270287766-1317258649-2146029398-4614", "ObjectType": "User"}, {"ObjectIdentifier": "S-1-5-21-2270287766-1317258649-2146029398-4613", "ObjectType": "User"}, {"ObjectIdentifier": "S-1-5-21-2270287766-1317258649-2146029398-571", "ObjectType": "Group"}, {"ObjectIdentifier": "S-1-5-21-2270287766-1317258649-2146029398-500", "ObjectType": "User"}]}],"meta":{"methods":0,"type":"containers","count":19, "version":5}}