{"data": [{"ObjectIdentifier": "S-1-5-21-2270287766-1317258649-2146029398", "Properties": {"name": "INLANEFREIGHT.LOCAL", "domain": "INLANEFREIGHT.LOCAL", "domainsid": "S-1-5-21-2270287766-1317258649-2146029398", "distinguishedname": "DC=INLANEFREIGHT,DC=LOCAL", "description": "", "functionallevel": "2016", "highvalue": true, "whencreated": 1648630405}, "Trusts": [], "Aces": [{"RightName": "Owns", "IsInherited": false, "PrincipalSID": "INLANEFREIGHT.LOCAL-S-1-5-32-544", "PrincipalType": "Group"}, {"RightName": "GetChangesInFilteredSet", "IsInherited": false, "PrincipalSID": "S-1-5-21-2270287766-1317258649-2146029398-4607", "PrincipalType": "User"}, {"RightName": "GetChanges", "IsInherited": false, "PrincipalSID": "S-1-5-21-2270287766-1317258649-2146029398-498", "PrincipalType": "Group"}, {"RightName": "GetChanges", "IsInherited": false, "PrincipalSID": "S-1-5-21-2270287766-1317258649-2146029398-4607", "PrincipalType": "User"}, {"RightName": "GetChangesAll", "IsInherited": false, "PrincipalSID": "S-1-5-21-2270287766-1317258649-2146029398-516", "PrincipalType": "Group"}, {"RightName": "GetChangesAll", "IsInherited": false, "PrincipalSID": "S-1-5-21-2270287766-1317258649-2146029398-4607", "PrincipalType": "User"}, {"RightName": "GetChangesInFilteredSet", "IsInherited": false, "PrincipalSID": "INLANEFREIGHT.LOCAL-S-1-5-32-544", "PrincipalType": "Group"}, {"RightName": "GetChanges", "IsInherited": false, "PrincipalSID": "INLANEFREIGHT.LOCAL-S-1-5-32-544", "PrincipalType": "Group"}, {"RightName": "GetChangesAll", "IsInherited": false, "PrincipalSID": "INLANEFREIGHT.LOCAL-S-1-5-32-544", "PrincipalType": "Group"}, {"RightName": "GetChangesInFilteredSet", "IsInherited": false, "PrincipalSID": "INLANEFREIGHT.LOCAL-S-1-5-9", "PrincipalType": "Group"}, {"RightName": "GetChanges", "IsInherited": false, "PrincipalSID": "INLANEFREIGHT.LOCAL-S-1-5-9", "PrincipalType": "Group"}, {"RightName": "WriteOwner", "IsInherited": false, "PrincipalSID": "S-1-5-21-2270287766-1317258649-2146029398-512", "PrincipalType": "Group"}, {"RightName": "AllExtendedRights", "IsInherited": false, "PrincipalSID": "S-1-5-21-2270287766-1317258649-2146029398-512", "PrincipalType": "Group"}, {"RightName": "WriteDacl", "IsInherited": false, "PrincipalSID": "S-1-5-21-2270287766-1317258649-2146029398-512", "PrincipalType": "Group"}, {"RightName": "GenericAll", "IsInherited": false, "PrincipalSID": "S-1-5-21-2270287766-1317258649-2146029398-519", "PrincipalType": "Group"}, {"RightName": "WriteOwner", "IsInherited": false, "PrincipalSID": "INLANEFREIGHT.LOCAL-S-1-5-32-544", "PrincipalType": "Group"}, {"RightName": "AllExtendedRights", "IsInherited": false, "PrincipalSID": "INLANEFREIGHT.LOCAL-S-1-5-32-544", "PrincipalType": "Group"}, {"RightName": "WriteDacl", "IsInherited": false, "PrincipalSID": "INLANEFREIGHT.LOCAL-S-1-5-32-544", "PrincipalType": "Group"}], "Links": [{"IsEnforced": false, "GUID": "6A8BB1C6-B1B9-44C4-956A-9324E2672249"}], "ChildObjects": [{"ObjectIdentifier": "4552878D-89E0-46E3-9FDF-FBEDDEA14CFF", "ObjectType": "Container"}, {"ObjectIdentifier": "A2429ECE-FE3F-4EDA-843F-E0383E0C5E7A", "ObjectType": "Container"}, {"ObjectIdentifier": "B7A43338-BCA9-461D-BD0C-41505E44D778", "ObjectType": "Container"}, {"ObjectIdentifier": "9A3C9B90-00E0-4DD1-905F-9FA62EEE403B", "ObjectType": "OU"}, {"ObjectIdentifier": "6E4DA34B-77F4-4CE4-84EA-A4DB20122606", "ObjectType": "OU"}, {"ObjectIdentifier": "962C3497-254D-4949-9FB8-04E77668BB8D", "ObjectType": "Container"}], "GPOChanges": {"AffectedComputers": [], "DcomUsers": [], "LocalAdmins": [], "PSRemoteUsers": [], "RemoteDesktopUsers": []}, "IsDeleted": false, "IsACLProtected": false}], "meta": {"type": "domains", "count": 1, "version": 5}}